# Blender 5.2.1 LTS
# www.blender.org
mtllib character.mtl
o Cube
v 0.000000 10.487999 -0.545007
v 0.000000 8.321620 -0.791570
v 0.000000 10.487999 0.669704
v 0.000000 8.308115 0.663994
v -1.229556 10.172663 -0.320802
v -0.905417 8.365974 -0.437528
v -1.220238 10.185260 0.323668
v -0.890858 8.359696 0.427705
v -1.006944 6.667307 -0.399241
v -0.945162 6.633359 0.428166
v 0.000000 6.956647 -0.496728
v 0.000000 6.916129 0.418483
v -1.195763 4.317562 -0.250587
v -1.144746 4.297148 0.276299
v -0.730278 4.322444 -0.276468
v -0.710178 4.294629 0.250756
v -1.244997 1.912830 -0.293064
v -1.187163 2.013983 0.178769
v -0.901657 1.937578 -0.310315
v -0.900291 2.028717 0.161956
v 0.000000 9.398333 -0.747995
v -1.183942 9.455232 0.339513
v 0.000000 9.398333 0.669704
v -1.191325 9.445251 -0.334148
v -2.697380 9.639960 0.189971
v -2.634651 9.964073 0.202292
v -2.640932 9.955583 -0.157704
v -2.702926 9.632462 -0.127940
v -4.826769 9.581803 0.199887
v -4.858605 9.825718 0.196522
v -4.862298 9.823328 -0.066163
v -4.830462 9.579412 -0.062798
v -5.417204 9.609819 0.158013
v -5.487830 9.738121 0.161716
v -5.488013 9.745678 -0.001900
v -5.417388 9.617376 -0.005604
v -1.272504 1.331257 -0.378173
v -1.171259 1.290803 -0.012585
v -0.849568 1.361450 -0.397401
v -0.907784 1.304543 -0.027461
v -0.971785 1.547317 -0.936153
v -1.190184 1.528421 -0.931129
v -1.204428 1.312675 -1.019060
v -1.138427 1.232232 -0.640456
v -0.919390 1.335810 -1.026257
v -0.938510 1.244012 -0.649518
v 0.000000 10.735090 0.635739
v -0.925171 10.361389 0.314779
v 0.000000 10.735090 -0.490666
v -0.949558 10.353042 -0.254074
v 0.000000 10.893806 0.474300
v -0.551573 10.692179 0.356132
v 0.000000 10.893806 -0.413259
v -0.634000 10.687675 -0.109398
v 0.000000 11.511792 0.338025
v -0.479280 11.428663 0.290441
v 0.000000 11.438142 -0.280194
v -0.563219 11.455409 -0.075863
v -1.529383 10.175046 0.162669
v -1.535128 10.167278 -0.166626
v -2.138315 10.061546 0.145657
v -2.143003 10.055208 -0.123064
v 0.000000 12.223850 0.313231
v -0.493940 12.160852 0.270951
v 0.000000 12.221207 -0.149233
v -0.643330 12.147182 -0.063702
v 0.000000 13.019930 0.246083
v -0.476132 12.876434 0.240951
v 0.000000 13.137074 -0.145482
v -0.568948 12.911928 -0.074956
v -0.490092 11.741395 -0.544808
v 0.000000 11.758713 -0.664298
v -0.552604 12.159180 -0.594346
v 0.000000 12.207991 -0.774724
v -0.519009 12.706820 -0.541939
v 0.000000 12.798162 -0.661189
v 1.229555 10.172664 -0.320802
v 0.905417 8.365974 -0.437528
v 1.220238 10.185259 0.323668
v 0.890858 8.359695 0.427705
v 1.006944 6.667307 -0.399241
v 0.945162 6.633359 0.428166
v 1.195763 4.317563 -0.250587
v 1.144746 4.297148 0.276299
v 0.730278 4.322444 -0.276468
v 0.710178 4.294629 0.250756
v 1.244997 1.912830 -0.293064
v 1.187163 2.013983 0.178769
v 0.901657 1.937578 -0.310315
v 0.900291 2.028717 0.161956
v 1.183942 9.455233 0.339513
v 1.191325 9.445251 -0.334148
v 2.697379 9.639960 0.189971
v 2.634651 9.964074 0.202292
v 2.640932 9.955582 -0.157704
v 2.702926 9.632461 -0.127940
v 4.826769 9.581803 0.199887
v 4.858605 9.825718 0.196522
v 4.862298 9.823327 -0.066163
v 4.830462 9.579412 -0.062798
v 5.417204 9.609819 0.158013
v 5.487830 9.738121 0.161716
v 5.488013 9.745678 -0.001900
v 5.417389 9.617376 -0.005604
v 1.272504 1.331257 -0.378173
v 1.171259 1.290803 -0.012585
v 0.849568 1.361450 -0.397401
v 0.907784 1.304543 -0.027461
v 0.971785 1.547317 -0.936153
v 1.190184 1.528421 -0.931129
v 1.204428 1.312675 -1.019060
v 1.138427 1.232232 -0.640456
v 0.919390 1.335810 -1.026257
v 0.938510 1.244012 -0.649518
v 0.925171 10.361389 0.314779
v 0.949558 10.353042 -0.254074
v 0.551573 10.692178 0.356132
v 0.634000 10.687676 -0.109398
v 0.479280 11.428665 0.290441
v 0.563219 11.455410 -0.075863
v 1.529383 10.175046 0.162669
v 1.535128 10.167279 -0.166626
v 2.138315 10.061546 0.145657
v 2.143003 10.055209 -0.123064
v 0.493940 12.160852 0.270951
v 0.643330 12.147183 -0.063702
v 0.476132 12.876433 0.240951
v 0.568948 12.911927 -0.074956
v 0.490092 11.741395 -0.544808
v 0.552604 12.159179 -0.594346
v 0.519009 12.706820 -0.541939
v -1.032858 8.370030 0.003920
v -0.522799 8.347727 -0.681392
v 0.000000 8.884521 -0.795579
v -1.207892 9.864417 0.396912
v 0.000000 8.882832 0.668990
v -0.956192 8.948440 -0.393117
v -0.604269 10.308604 0.521485
v 0.000000 10.487998 0.062348
v -0.510059 8.337170 0.621524
v -1.227523 10.223028 -0.006310
v -0.610569 10.300088 -0.462995
v 0.000000 8.314867 -0.063788
v -1.105080 6.663206 0.022133
v -0.631321 6.670299 -0.587587
v -0.576429 6.619845 0.572989
v 0.000000 6.702911 -0.034206
v 0.000000 7.594224 -0.728815
v -0.931391 7.608392 -0.439709
v -0.891642 7.585792 0.449394
v 0.000000 7.557083 0.624740
v -1.254635 4.307134 0.017677
v -0.969688 4.324525 -0.362350
v -0.920795 4.291367 0.362350
v -0.635848 4.308758 -0.017677
v -1.047775 5.526072 0.359054
v -0.459535 5.513269 0.328768
v -1.110262 5.556536 -0.327006
v -0.480412 5.550521 -0.365780
v -1.264025 2.004299 -0.004460
v -1.077067 2.064035 -0.382450
v -1.039156 2.018617 0.235411
v -0.848916 2.029372 -0.027881
v -0.845068 3.046220 0.195573
v -0.860597 3.056932 -0.229118
v -1.228753 3.035192 -0.208835
v -1.185498 3.031839 0.215534
v 0.000000 9.993140 -0.645336
v -0.950908 8.952336 0.381089
v 0.000000 9.993140 0.669704
v -1.217859 9.850945 -0.386830
v -0.587390 9.414948 -0.580121
v 0.000000 9.398332 -0.039146
v -1.336326 9.354696 0.008394
v -0.582153 9.422027 0.544739
v -2.694564 9.796754 0.249767
v -2.859828 9.978655 0.025724
v -2.702326 9.786258 -0.195121
v -2.697778 9.578606 0.032333
v -1.857820 10.021770 -0.281301
v -1.847943 10.035124 0.296834
v -1.849386 9.618999 0.225529
v -1.856257 9.609709 -0.193050
v -4.841994 9.704209 0.247458
v -4.866421 9.870257 0.064549
v -4.847073 9.700922 -0.113734
v -4.822647 9.534873 0.069176
v -3.828319 9.611711 0.191636
v -3.833105 9.605564 -0.089085
v -3.843177 9.876461 -0.096875
v -3.838327 9.882694 0.187453
v -5.465272 9.671989 0.175739
v -5.511457 9.751707 0.080972
v -5.465143 9.682481 -0.019162
v -5.418959 9.602763 0.075605
v -5.367207 9.780969 -0.036383
v -5.365640 9.776137 0.189627
v -5.301143 9.589091 -0.037903
v -5.299577 9.584261 0.188107
v -1.246975 1.299626 -0.183210
v -1.223580 1.591101 -0.670375
v -1.035324 1.294457 0.041868
v -0.854389 1.323961 -0.203601
v -1.278227 1.469929 -0.325710
v -1.179024 1.481591 0.139076
v -0.912624 1.495299 0.123533
v -0.859708 1.500363 -0.345435
v -1.082251 1.556369 -0.974476
v -1.178847 1.249029 -0.849994
v -1.061909 1.326362 -1.149835
v -1.036629 1.236133 -0.669011
v -0.916569 1.266937 -0.859658
v -1.213238 1.431834 -1.028387
v -0.935280 1.455977 -1.034090
v -1.266235 1.308570 -0.680280
v -1.162957 1.234497 -0.341592
v -0.910305 1.248211 -0.354684
v -0.857284 1.340034 -0.694843
v -0.939650 1.614454 -0.679797
v -0.528315 10.521464 0.508355
v 0.000000 10.735091 0.072536
v -1.077969 10.300533 0.024025
v -0.549654 10.514159 -0.411793
v -1.034041 10.297929 -0.285423
v 0.000000 10.698210 -0.500737
v 0.000000 10.698210 0.665458
v -1.024765 10.307391 0.304248
v -0.304791 10.778546 0.453994
v 0.000000 10.893807 0.030521
v -0.681704 10.659346 0.137294
v -0.376914 10.774606 -0.286179
v 0.000000 10.766920 -0.474434
v 0.000000 10.766920 0.564611
v -0.736261 10.471706 0.343059
v -0.794281 10.465112 -0.190169
v -0.267966 11.464273 0.339884
v 0.000000 11.505988 0.074320
v -0.586130 11.417766 0.152117
v -0.317083 11.400861 -0.206054
v 0.000000 11.157962 -0.303459
v 0.000000 11.167169 0.393425
v -0.479874 11.039034 0.329064
v -0.556571 11.037176 -0.046618
v -1.465594 10.183520 -0.003433
v -2.207320 10.046020 0.012751
v -1.839637 10.110471 -0.177606
v -1.833277 10.119069 0.186925
v -1.434911 10.179384 -0.230415
v -1.427120 10.189919 0.223600
v -2.262807 10.038145 0.178539
v -2.268547 10.030385 -0.150446
v -0.278240 12.187838 0.313863
v 0.000000 12.223520 0.097283
v -0.604031 12.149060 0.147947
v 0.000000 13.010525 -0.429474
v -0.627030 11.792867 -0.064983
v 0.000000 11.857659 -0.161098
v 0.000000 11.850376 0.315742
v -0.485334 11.784861 0.272799
v -0.296891 12.969683 0.255656
v 0.000000 13.164522 0.092298
v -0.538728 12.936991 0.137426
v -0.331812 13.081169 -0.104592
v -0.502968 12.587340 0.266911
v -0.649588 12.561892 -0.063983
v 0.000000 12.660521 0.306014
v 0.000000 12.654808 -0.147639
v -0.306570 11.734886 -0.615844
v -0.318572 12.180243 -0.723010
v -0.536847 11.892174 -0.586277
v 0.000000 11.951456 -0.761357
v -0.326127 12.761953 -0.612775
v -0.556404 12.475930 -0.584531
v 0.000000 12.510672 -0.759660
v -0.567964 12.818542 -0.349209
v -0.535259 11.647180 -0.353889
v 0.000000 11.617317 -0.449774
v 0.000000 12.215590 -0.446695
v -0.644362 12.149398 -0.344949
v 1.032858 8.370029 0.003920
v 0.522799 8.347727 -0.681392
v 1.207892 9.864417 0.396912
v 0.956192 8.948440 -0.393117
v 0.604269 10.308605 0.521485
v 0.510059 8.337170 0.621524
v 1.227523 10.223027 -0.006310
v 0.610569 10.300089 -0.462995
v 1.105080 6.663206 0.022133
v 0.631321 6.670299 -0.587587
v 0.576429 6.619845 0.572989
v 0.931391 7.608392 -0.439709
v 0.891641 7.585792 0.449394
v 1.254635 4.307134 0.017677
v 0.969688 4.324525 -0.362350
v 0.920795 4.291367 0.362350
v 0.635848 4.308758 -0.017677
v 1.047775 5.526072 0.359054
v 0.459535 5.513269 0.328768
v 1.110262 5.556536 -0.327006
v 0.480412 5.550520 -0.365780
v 1.264025 2.004299 -0.004460
v 1.077067 2.064035 -0.382450
v 1.039156 2.018617 0.235411
v 0.848916 2.029372 -0.027881
v 0.845068 3.046219 0.195573
v 0.860597 3.056932 -0.229118
v 1.228753 3.035192 -0.208835
v 1.185498 3.031839 0.215534
v 0.950908 8.952336 0.381089
v 1.217859 9.850944 -0.386830
v 0.587390 9.414948 -0.580121
v 1.336326 9.354695 0.008394
v 0.582153 9.422028 0.544739
v 2.694564 9.796752 0.249767
v 2.859828 9.978654 0.025724
v 2.702326 9.786259 -0.195121
v 2.697777 9.578606 0.032333
v 1.857820 10.021769 -0.281301
v 1.847943 10.035124 0.296834
v 1.849386 9.618999 0.225529
v 1.856258 9.609708 -0.193050
v 4.841995 9.704208 0.247458
v 4.866420 9.870256 0.064549
v 4.847073 9.700921 -0.113734
v 4.822647 9.534874 0.069176
v 3.828319 9.611711 0.191636
v 3.833105 9.605565 -0.089085
v 3.843176 9.876462 -0.096875
v 3.838327 9.882693 0.187453
v 5.465272 9.671989 0.175739
v 5.511456 9.751707 0.080972
v 5.465143 9.682481 -0.019162
v 5.418959 9.602764 0.075605
v 5.367207 9.780968 -0.036383
v 5.365640 9.776137 0.189627
v 5.301143 9.589091 -0.037903
v 5.299577 9.584261 0.188107
v 1.246975 1.299626 -0.183210
v 1.223579 1.591101 -0.670375
v 1.035324 1.294457 0.041868
v 0.854389 1.323961 -0.203601
v 1.278227 1.469929 -0.325710
v 1.179024 1.481591 0.139076
v 0.912624 1.495299 0.123533
v 0.859708 1.500363 -0.345435
v 1.082251 1.556369 -0.974476
v 1.178847 1.249029 -0.849994
v 1.061909 1.326362 -1.149836
v 1.036629 1.236133 -0.669011
v 0.916569 1.266937 -0.859658
v 1.213238 1.431834 -1.028388
v 0.935280 1.455977 -1.034090
v 1.266234 1.308570 -0.680280
v 1.162957 1.234497 -0.341592
v 0.910305 1.248211 -0.354685
v 0.857284 1.340034 -0.694843
v 0.939650 1.614454 -0.679797
v 0.528315 10.521465 0.508355
v 1.077969 10.300533 0.024025
v 0.549654 10.514161 -0.411793
v 1.034040 10.297929 -0.285423
v 1.024765 10.307391 0.304248
v 0.304791 10.778546 0.453994
v 0.681704 10.659346 0.137294
v 0.376914 10.774606 -0.286179
v 0.736261 10.471705 0.343059
v 0.794281 10.465111 -0.190169
v 0.267966 11.464272 0.339884
v 0.586130 11.417766 0.152117
v 0.317083 11.400861 -0.206054
v 0.479874 11.039035 0.329064
v 0.556571 11.037176 -0.046618
v 1.465594 10.183520 -0.003433
v 2.207320 10.046021 0.012751
v 1.839637 10.110471 -0.177606
v 1.833277 10.119069 0.186925
v 1.434911 10.179384 -0.230415
v 1.427120 10.189919 0.223600
v 2.262808 10.038145 0.178539
v 2.268547 10.030384 -0.150446
v 0.278240 12.187837 0.313863
v 0.604031 12.149061 0.147947
v 0.627030 11.792867 -0.064983
v 0.485334 11.784862 0.272799
v 0.296891 12.969684 0.255656
v 0.538728 12.936992 0.137426
v 0.331812 13.081171 -0.104592
v 0.502968 12.587340 0.266911
v 0.649588 12.561892 -0.063983
v 0.306570 11.734886 -0.615844
v 0.318572 12.180244 -0.723010
v 0.536847 11.892174 -0.586277
v 0.326127 12.761952 -0.612775
v 0.556404 12.475929 -0.584531
v 0.567964 12.818542 -0.349209
v 0.535259 11.647180 -0.353889
v 0.644362 12.149398 -0.344949
v -0.590224 10.464754 -0.433972
v -0.601929 9.919592 0.531319
v -1.293663 10.213763 -0.006818
v -0.545274 7.593094 -0.666517
v 0.000000 9.993138 0.012184
v -0.608167 9.911160 -0.518173
v -0.752712 5.505420 0.472023
v -0.510454 7.558849 0.628012
v -1.046071 7.607280 0.013328
v 0.000000 7.549712 -0.051491
v -0.787053 3.057181 -0.016638
v -1.188197 5.548806 0.022314
v -0.365724 5.513503 -0.024005
v -0.810865 5.551843 -0.474056
v -1.254808 1.481526 -0.036740
v -1.050029 3.059108 -0.300139
v -1.009892 3.035739 0.282782
v -1.272547 3.032525 0.011005
v -0.542458 8.921261 -0.643814
v 0.000000 8.883675 -0.063294
v -1.097091 8.952731 0.002571
v -0.537963 8.923866 0.582594
v -3.828114 9.558006 0.052382
v -1.861479 9.538118 0.018027
v -1.851337 9.831645 0.303224
v -1.861047 9.818518 -0.278457
v -5.380784 9.813767 0.077023
v -3.860046 9.927019 0.044550
v -3.838928 9.739842 -0.145165
v -3.832331 9.748315 0.241728
v -5.491647 9.676156 0.078775
v -5.335673 9.686027 -0.079119
v -5.333595 9.679102 0.230888
v -5.288485 9.551362 0.074746
v -1.032602 1.237020 -0.290151
v -0.859696 1.505596 -0.058640
v -1.273981 1.437540 -0.704687
v -1.041580 1.485819 0.191979
v -1.047527 1.259657 -0.973553
v -1.074383 1.445849 -1.146300
v -1.236155 1.248242 -0.516477
v -0.873587 1.470332 -0.717701
v -1.084293 1.662682 -0.672752
v -0.859463 1.272777 -0.533150
v 0.000000 10.766918 0.045088
v -0.582280 10.472802 0.515232
v -1.172935 10.249812 -0.001340
v 0.000000 10.698211 0.082361
v 0.000000 11.165633 0.049608
v -0.880062 10.423633 0.081148
v -0.414647 10.598162 0.491226
v -0.465415 10.592391 -0.364990
v -0.311105 11.593928 -0.400288
v -0.594817 11.018794 0.158109
v -0.264946 11.093920 0.394356
v -0.329966 11.084509 -0.196077
v -1.836457 10.114769 0.004659
v -1.835036 10.111421 0.270133
v -2.425780 10.011060 0.017387
v -1.844252 10.098963 -0.259924
v -0.611696 12.581503 0.147332
v 0.000000 11.850150 0.092989
v -0.593455 11.775126 0.147828
v -0.273061 11.812923 0.316528
v -0.317572 13.107587 0.119877
v -0.287451 12.621875 0.307707
v -0.334496 12.961522 -0.385022
v 0.000000 12.675145 0.097459
v -0.313254 11.922933 -0.710129
v -0.324391 12.483606 -0.708431
v 0.000000 11.899720 -0.447689
v 0.000000 12.595432 -0.442949
v -0.624172 11.843215 -0.345261
v -0.648636 12.515820 -0.343531
v 0.590224 10.464755 -0.433972
v 0.601929 9.919592 0.531319
v 1.293663 10.213763 -0.006818
v 0.545274 7.593094 -0.666517
v 0.608167 9.911159 -0.518173
v 0.752712 5.505420 0.472023
v 0.510454 7.558849 0.628012
v 1.046071 7.607280 0.013328
v 0.787053 3.057181 -0.016638
v 1.188197 5.548806 0.022314
v 0.365724 5.513503 -0.024005
v 0.810865 5.551842 -0.474056
v 1.254808 1.481526 -0.036740
v 1.050029 3.059108 -0.300139
v 1.009892 3.035739 0.282782
v 1.272547 3.032525 0.011005
v 0.542458 8.921261 -0.643814
v 1.097091 8.952730 0.002571
v 0.537963 8.923867 0.582594
v 3.828114 9.558006 0.052382
v 1.861479 9.538119 0.018027
v 1.851337 9.831646 0.303224
v 1.861047 9.818519 -0.278457
v 5.380783 9.813766 0.077023
v 3.860046 9.927018 0.044550
v 3.838928 9.739842 -0.145165
v 3.832331 9.748315 0.241728
v 5.491646 9.676156 0.078775
v 5.335673 9.686026 -0.079119
v 5.333595 9.679101 0.230888
v 5.288485 9.551362 0.074746
v 1.032602 1.237019 -0.290151
v 0.859696 1.505596 -0.058640
v 1.273981 1.437540 -0.704687
v 1.041580 1.485819 0.191979
v 1.047527 1.259657 -0.973553
v 1.074383 1.445849 -1.146300
v 1.236155 1.248242 -0.516477
v 0.873587 1.470332 -0.717701
v 1.084293 1.662682 -0.672752
v 0.859463 1.272777 -0.533150
v 0.582280 10.472801 0.515232
v 1.172935 10.249812 -0.001340
v 0.880062 10.423632 0.081148
v 0.414647 10.598162 0.491226
v 0.465415 10.592392 -0.364990
v 0.311105 11.593925 -0.400288
v 0.594817 11.018795 0.158109
v 0.264946 11.093920 0.394356
v 0.329966 11.084509 -0.196077
v 1.836457 10.114770 0.004659
v 1.835036 10.111422 0.270133
v 2.425780 10.011061 0.017387
v 1.844252 10.098963 -0.259924
v 0.611696 12.581503 0.147332
v 0.593455 11.775126 0.147828
v 0.273061 11.812924 0.316528
v 0.317572 13.107587 0.119877
v 0.287451 12.621877 0.307707
v 0.334496 12.961522 -0.385022
v 0.313254 11.922933 -0.710129
v 0.324391 12.483607 -0.708431
v 0.624172 11.843216 -0.345261
v 0.648636 12.515818 -0.343531
vn -0.1887 0.2010 -0.9612
vn -0.1887 0.1946 -0.9626
vn -0.1887 0.2024 -0.9609
vn -0.3733 0.2717 -0.8870
vn -0.3099 0.6073 -0.7315
vn -0.3793 0.2059 -0.9021
vn -0.4877 0.6727 -0.5564
vn -0.4310 0.8349 -0.3424
vn -0.4904 0.6588 -0.5705
vn -0.2410 0.2693 -0.9324
vn -0.3169 0.5860 -0.7458
vn -0.2373 0.2559 -0.9371
vn -0.2176 0.0078 0.9760
vn -0.2166 0.0091 0.9762
vn -0.2091 0.0181 0.9777
vn -0.2342 0.0081 0.9721
vn -0.2314 0.0138 0.9728
vn -0.2267 0.0233 0.9737
vn -0.2875 0.0771 0.9547
vn -0.2587 0.1444 0.9551
vn -0.2298 0.2082 0.9507
vn -0.2788 -0.0467 0.9592
vn -0.2541 -0.0796 0.9639
vn -0.3221 0.0127 0.9466
vn -0.0425 0.9945 0.0952
vn -0.0975 0.9895 0.1070
vn -0.0214 0.9957 0.0906
vn -0.0466 0.9892 -0.1390
vn -0.0977 0.9840 -0.1488
vn -0.1358 0.9784 -0.1558
vn -0.1569 0.9868 -0.0392
vn -0.1655 0.9854 -0.0403
vn -0.1739 0.9839 -0.0414
vn -0.1558 0.9878 -0.0014
vn -0.1645 0.9864 0.0001
vn -0.1417 0.9899 -0.0039
vn -0.5265 0.0131 -0.8501
vn -0.5170 0.0059 -0.8560
vn -0.5366 0.0208 -0.8436
vn -0.1697 -0.0420 -0.9846
vn -0.1511 -0.0563 -0.9869
vn -0.2068 -0.0131 -0.9783
vn 0.0310 -0.2328 -0.9720
vn 0.0843 -0.1888 -0.9784
vn 0.1864 -0.1010 -0.9773
vn -0.4917 -0.0200 -0.8706
vn -0.4645 -0.0090 -0.8855
vn -0.4482 -0.0025 -0.8939
vn 1.0000 -0.0000 -0.0000
vn -0.2730 -0.0379 -0.9613
vn -0.3112 0.0141 -0.9503
vn -0.3710 0.0997 -0.9233
vn -0.2328 0.1696 -0.9576
vn -0.2411 0.1506 -0.9587
vn -0.2246 0.1881 -0.9561
vn -0.2076 0.1603 -0.9650
vn -0.2003 0.1742 -0.9641
vn -0.2203 0.1357 -0.9660
vn -0.2418 0.1374 -0.9605
vn -0.2455 0.1412 -0.9591
vn -0.2668 0.1639 -0.9497
vn 0.3492 -0.1666 0.9221
vn 0.4133 -0.1544 0.8974
vn 0.3353 -0.1691 0.9268
vn -0.3650 -0.0261 0.9306
vn -0.3581 -0.0340 0.9330
vn -0.3663 -0.0263 0.9301
vn -0.3611 -0.0254 0.9322
vn -0.3592 -0.0341 0.9326
vn 0.4407 -0.1464 0.8857
vn 0.4609 -0.1438 0.8757
vn 0.4374 -0.1468 0.8872
vn -0.0500 -0.0139 0.9987
vn -0.0275 -0.0292 0.9992
vn 0.0062 -0.0522 0.9986
vn -0.4434 0.0199 0.8961
vn -0.4329 0.0133 0.9014
vn -0.4238 0.0078 0.9057
vn -0.4105 -0.0173 0.9117
vn -0.3814 -0.0062 0.9244
vn -0.4255 -0.0231 0.9046
vn 0.1381 -0.2061 0.9687
vn 0.2028 -0.1542 0.9670
vn 0.0050 -0.3063 0.9519
vn -0.9460 0.0169 0.3237
vn -0.9443 0.0136 0.3289
vn -0.9424 0.0103 0.3343
vn -0.9635 0.0267 -0.2662
vn -0.9663 0.0206 -0.2565
vn -0.9693 0.0138 -0.2453
vn -0.9687 0.0648 -0.2396
vn -0.9710 0.0611 -0.2313
vn -0.9724 0.0587 -0.2259
vn -0.9369 0.0570 0.3450
vn -0.9318 0.0491 0.3596
vn -0.9284 0.0439 0.3689
vn 0.9328 -0.1094 -0.3435
vn 0.9380 -0.1130 -0.3277
vn 0.9320 -0.1089 -0.3458
vn 0.9589 -0.1156 0.2591
vn 0.9596 -0.1151 0.2568
vn 0.9588 -0.1156 0.2594
vn 0.9636 -0.0609 0.2603
vn 0.9635 -0.0609 0.2605
vn 0.9636 -0.0608 0.2603
vn 0.9519 -0.0484 -0.3026
vn 0.9807 -0.0267 -0.1935
vn 0.9841 -0.0233 -0.1762
vn -0.9251 0.0675 0.3736
vn -0.9214 0.0630 0.3835
vn -0.9198 0.0610 0.3877
vn -0.9718 0.0751 -0.2236
vn -0.9732 0.0733 -0.2179
vn -0.9738 0.0726 -0.2156
vn -0.9750 0.0538 -0.2157
vn -0.9756 0.0532 -0.2128
vn -0.9758 0.0530 -0.2121
vn -0.9205 0.0468 0.3879
vn -0.9190 0.0475 0.3913
vn -0.9208 0.0466 0.3871
vn 0.9231 -0.3262 -0.2037
vn 0.9078 -0.2918 -0.3011
vn 0.9250 -0.3331 -0.1827
vn 0.9361 -0.3119 0.1628
vn 0.9300 -0.2906 0.2251
vn 0.9270 -0.2829 0.2463
vn 0.9448 -0.2105 0.2510
vn 0.9449 -0.2104 0.2507
vn 0.9448 -0.2105 0.2511
vn 0.9190 -0.2106 -0.3333
vn 0.9162 -0.2078 -0.3426
vn 0.9195 -0.2112 -0.3314
vn -0.4468 -0.0185 -0.8944
vn -0.4402 -0.0240 -0.8976
vn -0.4428 -0.0179 -0.8965
vn 0.2260 -0.1599 -0.9609
vn 0.2836 -0.1494 -0.9472
vn 0.3076 -0.1448 -0.9404
vn 0.3114 -0.1309 -0.9412
vn 0.3298 -0.1287 -0.9353
vn 0.3339 -0.1282 -0.9339
vn -0.4453 -0.0167 -0.8952
vn -0.4402 -0.0242 -0.8975
vn -0.9199 -0.0425 0.3899
vn -0.9182 -0.0411 0.3939
vn -0.9205 -0.0430 0.3884
vn -0.9998 0.0121 -0.0179
vn -0.9988 0.0395 0.0282
vn -0.9980 -0.0138 -0.0614
vn -0.9901 -0.0968 0.1015
vn -0.9902 -0.1020 0.0953
vn -0.9902 -0.1108 0.0847
vn -0.8669 -0.3327 0.3713
vn -0.8672 -0.3330 0.3702
vn -0.8661 -0.3321 0.3735
vn -0.4519 -0.0172 -0.8919
vn -0.4530 -0.0174 -0.8913
vn 0.3376 -0.0696 -0.9387
vn 0.3479 -0.0683 -0.9350
vn 0.3496 -0.0681 -0.9344
vn 0.3586 0.0656 -0.9312
vn 0.4055 0.0525 -0.9126
vn 0.3509 0.0677 -0.9339
vn -0.4690 0.0839 -0.8792
vn -0.5131 0.0728 -0.8553
vn -0.5180 0.0715 -0.8524
vn 0.4677 -0.0893 0.8794
vn 0.4699 -0.0890 0.8782
vn 0.4674 -0.0894 0.8795
vn -0.3591 -0.0340 0.9327
vn -0.3569 -0.0333 0.9335
vn -0.3568 -0.0333 0.9336
vn -0.3564 -0.0332 0.9338
vn 0.4697 -0.0546 0.8811
vn 0.4699 -0.0546 0.8810
vn -0.9201 0.0108 0.3914
vn -0.9201 0.0109 0.3916
vn -0.9202 0.0108 0.3914
vn -0.9772 0.0178 -0.2116
vn -0.9802 0.0152 -0.1976
vn -0.9807 0.0148 -0.1952
vn -0.9845 -0.0010 -0.1751
vn -0.9961 0.0170 -0.0861
vn -0.9807 -0.0052 -0.1954
vn -0.9203 -0.0127 0.3910
vn -0.9216 -0.0134 0.3879
vn -0.9201 -0.0126 0.3915
vn -0.5277 0.0295 -0.8489
vn -0.5250 0.0272 -0.8506
vn -0.5359 0.0369 -0.8435
vn -0.4402 -0.0119 -0.8978
vn -0.4479 -0.0043 -0.8941
vn -0.5141 0.0636 -0.8554
vn -0.2673 0.0945 -0.9590
vn -0.2665 0.0935 -0.9593
vn -0.2628 0.0890 -0.9607
vn -0.2363 0.0235 -0.9714
vn -0.2376 0.0248 -0.9710
vn -0.2065 -0.0070 -0.9784
vn -0.9359 -0.0891 0.3409
vn -0.9397 -0.0826 0.3318
vn -0.9463 -0.0711 0.3154
vn -0.8056 -0.4197 0.4182
vn -0.8256 -0.4057 0.3922
vn -0.8655 -0.3735 0.3339
vn -0.8379 -0.4081 -0.3625
vn -0.8218 -0.4203 -0.3848
vn -0.8738 -0.3771 -0.3071
vn -0.9510 -0.0790 -0.2988
vn -0.9470 -0.0868 -0.3093
vn -0.9590 -0.0625 -0.2763
vn -0.1219 0.0276 0.9922
vn -0.1175 0.0235 0.9928
vn -0.0835 -0.0087 0.9965
vn -0.1817 0.0255 0.9830
vn -0.1854 0.0299 0.9822
vn -0.1587 -0.0014 0.9873
vn -0.3792 -0.0245 0.9250
vn -0.3764 -0.0271 0.9261
vn -0.4367 0.0296 0.8991
vn -0.4427 0.0309 0.8961
vn -0.4455 0.0330 0.8947
vn -0.4515 0.0377 0.8915
vn 0.0116 -0.9477 -0.3189
vn 0.0141 -0.9476 -0.3191
vn 0.0234 -0.9318 0.3623
vn 0.0258 -0.9326 0.3599
vn 0.0234 -0.9317 0.3626
vn 0.0259 -0.9330 0.3588
vn 0.0307 -0.9397 0.3406
vn 0.0164 -0.9471 -0.3205
vn 0.0164 -0.9471 -0.3206
vn -0.2999 -0.8876 -0.3497
vn -0.3107 -0.8923 -0.3277
vn -0.2952 -0.8854 -0.3590
vn -0.2866 -0.8756 0.3888
vn -0.2952 -0.8796 0.3731
vn -0.3015 -0.8823 0.3615
vn -0.0384 -0.9304 0.3646
vn -0.0388 -0.9310 0.3629
vn -0.0389 -0.9312 0.3625
vn -0.0503 -0.9457 -0.3212
vn -0.0511 -0.9469 -0.3175
vn -0.0502 -0.9454 -0.3219
vn -0.1855 -0.1886 0.9644
vn -0.1477 -0.2770 0.9494
vn -0.2022 -0.1476 0.9682
vn -0.1043 0.1821 0.9777
vn -0.1318 0.0847 0.9876
vn -0.1457 0.0335 0.9888
vn -0.1161 0.0684 0.9909
vn -0.0794 0.2631 0.9615
vn -0.0726 0.2962 0.9524
vn -0.0456 -0.3447 0.9376
vn -0.0475 -0.3533 0.9343
vn -0.0479 -0.3552 0.9336
vn -0.1201 0.1558 -0.9805
vn -0.1531 0.0193 -0.9880
vn -0.1084 0.1961 -0.9746
vn -0.2187 -0.1901 -0.9571
vn -0.1715 -0.3000 -0.9384
vn -0.1353 -0.3778 -0.9160
vn -0.0773 -0.3815 -0.9211
vn -0.0803 -0.3956 -0.9149
vn -0.0768 -0.3790 -0.9222
vn -0.1570 0.0069 -0.9876
vn -0.1119 0.2175 -0.9696
vn -0.0963 0.9412 0.3239
vn -0.0955 0.9404 0.3264
vn -0.0964 0.9413 0.3234
vn -0.1004 0.9380 -0.3317
vn -0.1094 0.9488 -0.2964
vn -0.1114 0.9510 -0.2884
vn -0.3764 0.8902 -0.2566
vn -0.3935 0.8894 -0.2327
vn -0.4261 0.8855 -0.1850
vn -0.3711 0.8746 0.3121
vn -0.3830 0.8747 0.2971
vn -0.3492 0.8736 0.3389
vn -0.0670 0.9819 0.1770
vn -0.0461 0.9564 0.2884
vn -0.0686 0.9833 0.1686
vn -0.0737 0.9727 -0.2200
vn -0.0570 0.9427 -0.3287
vn -0.0549 0.9381 -0.3419
vn -0.0592 0.9378 -0.3420
vn -0.0596 0.9388 -0.3393
vn -0.0597 0.9389 -0.3390
vn -0.0502 0.9512 0.3044
vn -0.0473 0.9462 0.3201
vn -0.0505 0.9517 0.3029
vn -0.0641 0.2438 -0.9677
vn -0.0559 0.3226 -0.9449
vn -0.0647 0.2376 -0.9692
vn -0.0238 -0.3990 -0.9166
vn -0.0184 -0.3867 -0.9220
vn -0.0239 -0.4001 -0.9162
vn -0.0138 -0.3880 -0.9216
vn -0.0137 -0.3882 -0.9215
vn -0.0426 0.3339 -0.9417
vn -0.0463 0.3547 -0.9338
vn -0.0467 0.3568 -0.9330
vn 0.0087 -0.3555 0.9346
vn 0.0140 -0.3451 0.9384
vn 0.0140 -0.3439 0.9389
vn -0.0304 0.2891 0.9568
vn -0.0233 0.3652 0.9306
vn -0.0225 0.3735 0.9273
vn -0.0113 0.3750 0.9270
vn -0.0131 0.3841 0.9232
vn -0.0111 0.3741 0.9273
vn 0.0208 -0.3585 0.9333
vn -0.7313 -0.6703 0.1259
vn -0.7314 -0.6702 0.1260
vn -0.7069 -0.7033 0.0753
vn -0.9355 -0.2611 0.2381
vn -0.9365 -0.2590 0.2366
vn -0.9328 -0.2668 0.2423
vn -0.9340 -0.2489 -0.2565
vn -0.9320 -0.2528 -0.2598
vn -0.9271 -0.2623 -0.2678
vn -0.7337 -0.6519 -0.1916
vn -0.7335 -0.6522 -0.1912
vn -0.7067 -0.6939 -0.1385
vn -0.0781 0.3571 -0.9308
vn -0.0851 0.3803 -0.9209
vn -0.0865 0.3849 -0.9189
vn -0.0560 -0.3945 -0.9172
vn -0.0529 -0.4044 -0.9131
vn -0.0522 -0.4065 -0.9122
vn -0.3502 -0.4581 -0.8170
vn -0.3570 -0.4510 -0.8180
vn -0.3674 -0.4401 -0.8193
vn -0.3825 0.2236 -0.8965
vn -0.3522 0.1900 -0.9164
vn -0.3104 0.1443 -0.9396
vn -0.0230 -0.3717 0.9281
vn -0.0118 -0.4068 0.9134
vn -0.0251 -0.3648 0.9307
vn -0.0504 0.3798 0.9237
vn -0.0496 0.3774 0.9247
vn -0.0505 0.3802 0.9235
vn -0.3471 0.2102 0.9140
vn -0.3104 0.1723 0.9349
vn -0.3855 0.2503 0.8881
vn -0.3151 -0.4806 0.8184
vn -0.3159 -0.4798 0.8185
vn -0.3140 -0.4817 0.8182
vn -0.0371 -0.9477 -0.3170
vn -0.0363 -0.9486 -0.3144
vn -0.0361 -0.9488 -0.3137
vn -0.0266 -0.9444 0.3277
vn -0.0149 -0.9575 0.2880
vn -0.0293 -0.9411 0.3370
vn -0.3045 -0.9343 0.1852
vn -0.3223 -0.9335 0.1571
vn -0.3646 -0.9271 0.0871
vn -0.3232 -0.9168 -0.2346
vn -0.3344 -0.9171 -0.2170
vn -0.2984 -0.9146 -0.2728
vn 0.1704 -0.9708 0.1686
vn 0.1746 -0.9705 0.1665
vn 0.1762 -0.9703 0.1657
vn -0.0428 -0.9846 0.1694
vn -0.0457 -0.9847 0.1680
vn -0.0416 -0.9846 0.1700
vn 0.0220 -0.9998 0.0035
vn 0.0347 -0.9994 0.0084
vn 0.0185 -0.9998 0.0021
vn 0.0899 -0.9959 0.0021
vn 0.0823 -0.9966 0.0052
vn 0.0787 -0.9969 0.0067
vn 0.9918 0.0231 -0.1257
vn 0.9961 0.0582 -0.0662
vn 0.9954 0.0956 -0.0018
vn 0.9636 -0.0400 0.2643
vn 0.9612 -0.0372 0.2733
vn 0.9602 -0.0360 0.2769
vn 0.9462 -0.1852 0.2652
vn 0.9461 -0.1851 0.2656
vn 0.9460 -0.1849 0.2664
vn 0.9988 0.0454 0.0190
vn 0.9991 0.0398 0.0121
vn 0.9976 0.0592 0.0363
vn -0.9990 -0.0430 -0.0095
vn -0.9983 -0.0562 -0.0138
vn -0.9979 -0.0630 -0.0160
vn -0.9839 0.1444 -0.1052
vn -0.9723 0.2209 -0.0765
vn -0.9469 0.3193 -0.0379
vn -0.9136 0.3570 -0.1948
vn -0.9063 0.3812 -0.1824
vn -0.9025 0.3929 -0.1763
vn -0.9793 -0.0916 -0.1803
vn -0.9794 -0.0881 -0.1817
vn -0.9793 -0.0928 -0.1798
vn 0.4707 -0.0741 0.8792
vn 0.4715 -0.0738 0.8787
vn 0.4705 -0.0742 0.8793
vn -0.3547 -0.0745 0.9320
vn -0.3559 -0.0748 0.9315
vn -0.3544 -0.0744 0.9321
vn -0.2750 -0.6010 0.7504
vn -0.2787 -0.6025 0.7479
vn -0.2714 -0.5995 0.7530
vn 0.4254 -0.5516 0.7175
vn 0.4284 -0.5524 0.7151
vn 0.4312 -0.5532 0.7127
vn -0.2178 -0.9212 -0.3223
vn -0.2178 -0.9212 -0.3224
vn -0.2209 -0.9233 -0.3142
vn 0.3637 -0.8599 -0.3583
vn 0.3636 -0.8599 -0.3584
vn 0.3652 -0.8604 -0.3554
vn 0.1198 -0.9892 -0.0844
vn 0.1077 -0.9899 -0.0921
vn 0.1253 -0.9888 -0.0809
vn 0.0095 -0.9969 -0.0785
vn 0.0125 -0.9966 -0.0809
vn 0.0150 -0.9965 -0.0828
vn -0.4554 0.7110 -0.5358
vn -0.4619 0.7138 -0.5265
vn -0.4160 0.6926 -0.5892
vn 0.3096 0.7779 -0.5468
vn 0.3172 0.7825 -0.5358
vn 0.3429 0.7971 -0.4970
vn 0.6422 0.0553 -0.7645
vn 0.6338 0.0687 -0.7704
vn 0.6215 0.0879 -0.7784
vn -0.6591 -0.0852 -0.7472
vn -0.6528 -0.0678 -0.7545
vn -0.6666 -0.1070 -0.7377
vn -0.4304 -0.8920 0.1385
vn -0.4498 -0.8843 0.1250
vn -0.4248 -0.8940 0.1423
vn -0.8915 -0.4516 0.0367
vn -0.9049 -0.4252 0.0174
vn -0.8877 -0.4585 0.0419
vn -0.7148 -0.6878 -0.1267
vn -0.7271 -0.6724 -0.1385
vn -0.7118 -0.6914 -0.1239
vn -0.1773 -0.9841 -0.0127
vn -0.2005 -0.9792 -0.0316
vn -0.1696 -0.9855 -0.0065
vn 0.9671 0.1932 -0.1653
vn 0.9462 0.2988 -0.1243
vn 0.9746 0.1092 -0.1957
vn 0.9946 0.0950 -0.0423
vn 0.9932 0.1101 -0.0370
vn 0.9950 0.0892 -0.0443
vn 0.9777 0.0956 -0.1868
vn 0.9751 0.1098 -0.1926
vn 0.9739 0.1161 -0.1952
vn 0.8540 0.4728 -0.2172
vn 0.8369 0.5111 -0.1961
vn 0.8613 0.4545 -0.2270
vn -0.6416 0.4872 -0.5925
vn -0.4580 0.6408 -0.6161
vn -0.3686 0.6969 -0.6152
vn 0.5371 0.5194 -0.6646
vn 0.3127 0.6743 -0.6690
vn 0.6010 0.4613 -0.6527
vn 0.2650 0.9197 -0.2896
vn 0.2157 0.9249 -0.3129
vn 0.1888 0.9266 -0.3252
vn -0.4211 0.8639 -0.2764
vn -0.3784 0.8757 -0.2999
vn -0.4446 0.8563 -0.2628
vn 0.9941 -0.1087 -0.0015
vn 0.9961 -0.0861 -0.0163
vn 0.9966 -0.0805 -0.0201
vn 0.6718 -0.7312 0.1180
vn 0.6906 -0.7158 0.1033
vn 0.6948 -0.7122 0.0999
vn 0.3780 -0.9254 -0.0280
vn 0.4055 -0.9127 -0.0499
vn 0.4132 -0.9089 -0.0560
vn 0.9081 -0.3895 -0.1539
vn 0.9142 -0.3704 -0.1646
vn 0.9155 -0.3662 -0.1669
vn -0.4526 0.1717 0.8751
vn -0.3671 0.6043 0.7072
vn -0.3463 0.6602 0.6665
vn -0.2570 0.0267 0.9660
vn -0.2574 0.0628 0.9643
vn -0.2575 0.0712 0.9637
vn -0.4038 0.5732 0.7131
vn -0.4017 0.5498 0.7324
vn -0.4016 0.5490 0.7330
vn -0.5257 0.6663 0.5289
vn -0.4758 0.7977 0.3706
vn -0.4734 0.8022 0.3639
vn -0.5090 0.8530 -0.1158
vn -0.4622 0.8772 -0.1299
vn -0.5217 0.8458 -0.1118
vn -0.5117 0.8539 0.0951
vn -0.4707 0.8759 0.1055
vn -0.4459 0.8881 0.1115
vn -0.4816 0.8736 0.0701
vn -0.4841 0.8722 0.0706
vn -0.4846 0.8719 0.0707
vn -0.5096 0.8567 -0.0796
vn -0.4680 0.8806 -0.0738
vn -0.5232 0.8483 -0.0814
vn -0.5446 0.8363 -0.0632
vn -0.5330 0.8435 -0.0671
vn -0.5695 0.8202 -0.0547
vn -0.5267 0.8412 0.1224
vn -0.5367 0.8354 0.1189
vn -0.5484 0.8283 0.1148
vn -0.7474 0.5775 0.3284
vn -0.7455 0.5790 0.3303
vn -0.7619 0.5663 0.3144
vn -0.7653 0.6337 -0.1127
vn -0.7688 0.6301 -0.1094
vn -0.7938 0.6023 -0.0843
vn -0.4843 0.7924 0.3708
vn -0.5031 0.7647 0.4027
vn -0.5053 0.7611 0.4066
vn -0.4076 0.8282 0.3846
vn -0.4243 0.7510 0.5059
vn -0.4252 0.7449 0.5141
vn -0.2754 0.5133 0.8128
vn -0.2980 0.4064 0.8637
vn -0.3049 0.3671 0.8788
vn -0.4776 0.4163 0.7737
vn -0.4905 0.3989 0.7748
vn -0.5058 0.3777 0.7755
vn -0.3591 0.4524 -0.8163
vn -0.3776 0.7324 -0.5666
vn -0.3551 0.4247 -0.8328
vn -0.4967 0.7826 -0.3751
vn -0.4669 0.8187 -0.3342
vn -0.5040 0.7731 -0.3852
vn -0.5737 0.5680 -0.5901
vn -0.5600 0.5844 -0.5872
vn -0.5924 0.5445 -0.5937
vn -0.3972 0.4265 -0.8126
vn -0.3796 0.4969 -0.7804
vn -0.4035 0.3974 -0.8242
vn -0.0716 -0.6948 -0.7157
vn -0.0743 -0.6976 -0.7126
vn -0.0637 -0.6860 -0.7248
vn -0.3887 -0.7023 -0.5965
vn -0.3724 -0.6974 -0.6123
vn -0.2998 -0.6720 -0.6772
vn -0.2680 -0.8204 -0.5051
vn -0.2639 -0.8192 -0.5091
vn -0.2360 -0.8110 -0.5353
vn -0.0230 -0.8355 -0.5490
vn -0.0233 -0.8357 -0.5487
vn -0.0221 -0.8347 -0.5502
vn -0.9578 0.2406 -0.1575
vn -0.9578 0.2405 -0.1574
vn -0.9578 0.2405 -0.1573
vn -0.8464 0.1897 0.4977
vn -0.8360 0.1993 0.5113
vn -0.8572 0.1792 0.4828
vn -0.8212 0.0357 0.5695
vn -0.8045 0.0508 0.5918
vn -0.8310 0.0264 0.5556
vn -0.9876 0.0053 -0.1571
vn -0.9919 -0.0111 -0.1263
vn -0.9943 -0.0231 -0.1037
vn -0.3826 0.1777 0.9067
vn -0.3663 0.1906 0.9108
vn -0.4106 0.1550 0.8986
vn -0.1099 0.2398 0.9646
vn -0.1093 0.2405 0.9645
vn -0.1406 0.2011 0.9694
vn -0.0306 0.1505 0.9881
vn -0.0276 0.1531 0.9878
vn -0.0367 0.1451 0.9887
vn -0.2913 0.1085 0.9505
vn -0.2696 0.1239 0.9550
vn -0.3113 0.0942 0.9456
vn -0.3741 0.3368 -0.8641
vn -0.3788 0.3295 -0.8648
vn -0.3601 0.3581 -0.8615
vn -0.5900 0.2854 -0.7553
vn -0.5863 0.2892 -0.7567
vn -0.5678 0.3080 -0.7634
vn -0.5140 -0.0456 -0.8566
vn -0.5018 -0.0354 -0.8643
vn -0.4691 -0.0087 -0.8831
vn -0.2699 0.0336 -0.9623
vn -0.2762 0.0248 -0.9608
vn -0.2359 0.0804 -0.9684
vn -0.1827 0.9830 -0.0200
vn -0.2466 0.4160 0.8753
vn -0.1467 0.8314 0.5359
vn -0.1376 0.8525 0.5043
vn -0.0042 0.4370 0.8994
vn -0.2079 0.8185 0.5355
vn 0.0457 0.3231 0.9453
vn -0.1750 0.9811 0.0832
vn -0.1807 0.9813 0.0671
vn -0.1738 0.9810 0.0865
vn -0.1933 0.9779 0.0792
vn -0.1777 0.9833 0.0390
vn -0.1759 0.9838 0.0343
vn -0.1094 0.9784 -0.1756
vn -0.1603 0.9805 -0.1136
vn -0.1951 0.9783 -0.0702
vn -0.1040 0.9856 0.1330
vn -0.1571 0.9849 0.0728
vn -0.0701 0.9828 0.1706
vn -0.1726 0.9849 -0.0110
vn -0.1705 0.9853 -0.0103
vn -0.1581 0.9874 -0.0060
vn -0.1729 0.9845 -0.0294
vn -0.1708 0.9848 -0.0303
vn -0.1891 0.9817 -0.0231
vn -0.0246 0.3663 -0.9302
vn -0.2133 0.7675 -0.6045
vn -0.2255 0.7894 -0.5710
vn -0.2761 0.3620 -0.8904
vn -0.1655 0.8032 -0.5723
vn -0.2836 0.3019 -0.9102
vn -0.1968 0.9733 -0.1184
vn -0.1798 0.9805 -0.0790
vn -0.1995 0.9719 -0.1247
vn -0.1786 0.9762 -0.1231
vn -0.1838 0.9772 -0.1066
vn -0.1845 0.9773 -0.1044
vn -0.9833 -0.0155 0.1813
vn -0.9836 -0.0165 0.1794
vn -0.9831 -0.0147 0.1827
vn -0.7478 -0.0161 0.6638
vn -0.7408 -0.0100 0.6717
vn -0.7420 -0.0106 0.6703
vn -0.7526 0.1418 0.6430
vn -0.7796 0.1667 0.6036
vn -0.7921 0.1789 0.5836
vn -0.9659 0.2185 0.1390
vn -0.9693 0.2108 0.1269
vn -0.9622 0.2264 0.1515
vn -0.9966 -0.0795 -0.0211
vn -0.9906 -0.1280 0.0491
vn -0.9724 -0.1883 0.1377
vn -0.7819 -0.0011 0.6234
vn -0.7670 0.0113 0.6416
vn -0.7910 -0.0089 0.6117
vn -0.7524 -0.0195 0.6584
vn -0.7552 -0.0216 0.6551
vn -0.9860 -0.0339 0.1631
vn -0.9842 -0.0396 0.1726
vn -0.9821 -0.0458 0.1828
vn -0.2259 0.0504 0.9728
vn -0.2182 0.0559 0.9743
vn -0.2346 0.0441 0.9711
vn -0.0054 0.0663 0.9978
vn -0.0056 0.0661 0.9978
vn -0.0049 0.0668 0.9978
vn 0.0017 0.0070 1.0000
vn 0.0013 0.0145 0.9999
vn 0.0019 0.0071 1.0000
vn -0.1997 0.0015 0.9798
vn -0.1932 0.0066 0.9811
vn -0.2018 0.0002 0.9794
vn -0.1820 0.9775 -0.1072
vn -0.1807 0.9774 -0.1093
vn -0.1786 0.9774 -0.1128
vn -0.6000 0.7991 -0.0369
vn -0.5949 0.8032 -0.0301
vn -0.6126 0.7886 -0.0539
vn -0.4060 0.6384 0.6539
vn -0.4097 0.6239 0.6655
vn -0.4139 0.6064 0.6789
vn -0.0852 0.7050 0.7040
vn -0.0788 0.7148 0.6948
vn -0.0709 0.7267 0.6833
vn -0.1979 0.0028 0.9802
vn -0.1899 0.0085 0.9818
vn 0.0013 0.0070 1.0000
vn 0.0025 0.0157 0.9999
vn -0.0060 0.1551 0.9879
vn -0.0037 0.1573 0.9875
vn -0.0140 0.1476 0.9889
vn -0.1844 0.1192 0.9756
vn -0.1704 0.1298 0.9768
vn -0.2013 0.1061 0.9738
vn -0.5565 0.7761 -0.2966
vn -0.5552 0.7775 -0.2954
vn -0.5325 0.8007 -0.2746
vn -0.1914 0.8998 -0.3921
vn -0.1923 0.9001 -0.3910
vn -0.1992 0.9020 -0.3830
vn -0.1862 0.7296 -0.6581
vn -0.1870 0.7301 -0.6573
vn -0.1940 0.7343 -0.6505
vn -0.4617 0.6831 -0.5659
vn -0.4570 0.6825 -0.5704
vn -0.5015 0.6871 -0.5257
vn -0.1048 -0.4478 -0.8880
vn -0.1051 -0.4482 -0.8878
vn -0.1045 -0.4473 -0.8883
vn -0.3781 -0.3963 -0.8366
vn -0.3726 -0.3869 -0.8435
vn -0.3938 -0.4231 -0.8160
vn -0.4777 -0.0542 -0.8768
vn -0.4773 -0.0538 -0.8771
vn -0.1560 -0.0519 -0.9864
vn -0.1561 -0.0521 -0.9864
vn -0.1557 -0.0514 -0.9865
vn -0.1617 0.0468 -0.9857
vn -0.1619 0.0465 -0.9857
vn -0.1598 0.0491 -0.9859
vn -0.4781 0.0266 -0.8779
vn -0.4769 0.0278 -0.8785
vn -0.4717 0.0333 -0.8812
vn -0.4360 0.2621 -0.8610
vn -0.4313 0.2668 -0.8618
vn -0.4026 0.2953 -0.8665
vn -0.1737 0.3191 -0.9317
vn -0.9486 -0.2702 -0.1651
vn -0.9445 -0.2905 -0.1535
vn -0.9604 -0.1746 -0.2170
vn -0.9984 -0.0564 -0.0070
vn -0.9985 -0.0544 -0.0092
vn -0.9988 -0.0459 -0.0184
vn -0.9350 -0.0635 -0.3489
vn -0.9350 -0.0633 -0.3491
vn -0.9344 -0.0613 -0.3510
vn -0.8478 -0.3678 -0.3820
vn -0.8478 -0.3677 -0.3820
vn -0.9999 -0.0131 0.0017
vn -0.9999 -0.0138 0.0008
vn -0.9999 -0.0117 0.0036
vn -0.9688 0.2403 -0.0610
vn -0.9695 0.2364 -0.0647
vn -0.9655 0.2564 -0.0455
vn -0.9005 0.2241 -0.3726
vn -0.9007 0.2256 -0.3713
vn -0.8995 0.2158 -0.3800
vn -0.9367 -0.0045 -0.3500
vn -0.9361 -0.0060 -0.3518
vn -0.9385 -0.0006 -0.3453
vn 0.1887 0.2010 -0.9612
vn 0.1887 0.1946 -0.9626
vn 0.1887 0.1930 -0.9629
vn 0.2410 0.2693 -0.9324
vn 0.3169 0.5860 -0.7458
vn 0.3183 0.5933 -0.7394
vn 0.4877 0.6727 -0.5564
vn 0.4310 0.8349 -0.3424
vn 0.4269 0.8420 -0.3298
vn 0.3733 0.2717 -0.8870
vn 0.3099 0.6073 -0.7315
vn 0.2947 0.6561 -0.6947
vn 0.2176 0.0078 0.9760
vn 0.2166 0.0091 0.9762
vn 0.2241 -0.0000 0.9746
vn 0.2541 -0.0796 0.9639
vn 0.2788 -0.0467 0.9592
vn 0.3221 0.0127 0.9466
vn 0.2875 0.0771 0.9547
vn 0.2587 0.1444 0.9551
vn 0.3097 0.0222 0.9506
vn 0.2342 0.0081 0.9721
vn 0.2314 0.0138 0.9728
vn 0.2382 -0.0000 0.9712
vn 0.0425 0.9945 0.0952
vn 0.0975 0.9895 0.1070
vn 0.1387 0.9836 0.1156
vn 0.1558 0.9878 -0.0014
vn 0.1645 0.9864 0.0001
vn 0.1732 0.9849 0.0016
vn 0.1655 0.9854 -0.0403
vn 0.1569 0.9868 -0.0392
vn 0.1739 0.9839 -0.0414
vn 0.0977 0.9840 -0.1488
vn 0.0466 0.9892 -0.1390
vn 0.1358 0.9784 -0.1558
vn 0.5170 0.0059 -0.8560
vn 0.5265 0.0131 -0.8501
vn 0.5366 0.0208 -0.8436
vn 0.4917 -0.0200 -0.8706
vn 0.4645 -0.0090 -0.8855
vn 0.5071 -0.0264 -0.8615
vn -0.0310 -0.2328 -0.9720
vn -0.0843 -0.1888 -0.9784
vn 0.1060 -0.3401 -0.9344
vn 0.1511 -0.0563 -0.9869
vn 0.1697 -0.0420 -0.9846
vn 0.2068 -0.0131 -0.9783
vn 0.2730 -0.0379 -0.9613
vn 0.3112 0.0141 -0.9503
vn 0.1954 -0.1389 -0.9708
vn 0.2418 0.1374 -0.9605
vn 0.2455 0.1412 -0.9591
vn 0.2178 0.1119 -0.9696
vn 0.2003 0.1742 -0.9641
vn 0.2076 0.1603 -0.9650
vn 0.2203 0.1357 -0.9660
vn 0.2411 0.1506 -0.9587
vn 0.2328 0.1696 -0.9576
vn 0.2246 0.1881 -0.9561
vn -0.4133 -0.1544 0.8974
vn -0.3492 -0.1666 0.9221
vn -0.3353 -0.1691 0.9268
vn -0.4609 -0.1438 0.8757
vn -0.4407 -0.1464 0.8857
vn -0.4374 -0.1468 0.8872
vn 0.3592 -0.0341 0.9326
vn 0.3611 -0.0254 0.9322
vn 0.3581 -0.0340 0.9330
vn 0.3650 -0.0261 0.9306
vn 0.3663 -0.0263 0.9301
vn 0.0500 -0.0139 0.9987
vn 0.0275 -0.0292 0.9992
vn 0.0825 0.0083 0.9966
vn -0.2028 -0.1542 0.9670
vn -0.1381 -0.2061 0.9687
vn -0.0050 -0.3063 0.9519
vn 0.3814 -0.0062 0.9244
vn 0.4105 -0.0173 0.9117
vn 0.4255 -0.0231 0.9046
vn 0.4434 0.0199 0.8961
vn 0.4329 0.0133 0.9014
vn 0.4523 0.0254 0.8915
vn 0.9460 0.0169 0.3237
vn 0.9443 0.0136 0.3289
vn 0.9478 0.0203 0.3181
vn 0.9369 0.0570 0.3450
vn 0.9318 0.0491 0.3596
vn 0.9399 0.0619 0.3359
vn 0.9687 0.0648 -0.2396
vn 0.9710 0.0611 -0.2313
vn 0.9673 0.0671 -0.2447
vn 0.9635 0.0267 -0.2662
vn 0.9663 0.0206 -0.2565
vn 0.9601 0.0337 -0.2775
vn -0.9380 -0.1130 -0.3277
vn -0.9328 -0.1094 -0.3435
vn -0.9320 -0.1089 -0.3458
vn -0.9519 -0.0484 -0.3026
vn -0.9807 -0.0267 -0.1935
vn -0.9437 -0.0532 -0.3266
vn -0.9635 -0.0609 0.2605
vn -0.9636 -0.0609 0.2603
vn -0.9636 -0.0608 0.2603
vn -0.9596 -0.1151 0.2568
vn -0.9589 -0.1156 0.2591
vn -0.9588 -0.1156 0.2594
vn 0.9251 0.0675 0.3736
vn 0.9214 0.0630 0.3835
vn 0.9265 0.0692 0.3700
vn 0.9190 0.0475 0.3913
vn 0.9205 0.0468 0.3879
vn 0.9208 0.0466 0.3871
vn 0.9750 0.0538 -0.2157
vn 0.9756 0.0532 -0.2128
vn 0.9748 0.0539 -0.2163
vn 0.9718 0.0751 -0.2235
vn 0.9732 0.0733 -0.2179
vn 0.9713 0.0757 -0.2255
vn -0.9078 -0.2918 -0.3011
vn -0.9231 -0.3262 -0.2037
vn -0.9250 -0.3331 -0.1827
vn -0.9162 -0.2078 -0.3426
vn -0.9190 -0.2106 -0.3333
vn -0.9195 -0.2112 -0.3314
vn -0.9449 -0.2104 0.2507
vn -0.9448 -0.2105 0.2510
vn -0.9448 -0.2105 0.2511
vn -0.9361 -0.3119 0.1628
vn -0.9300 -0.2906 0.2251
vn -0.9368 -0.3164 0.1490
vn 0.4468 -0.0185 -0.8944
vn 0.4402 -0.0240 -0.8976
vn 0.4480 -0.0188 -0.8938
vn 0.4427 -0.0179 -0.8965
vn 0.4453 -0.0167 -0.8952
vn -0.3114 -0.1309 -0.9412
vn -0.3298 -0.1287 -0.9353
vn -0.3082 -0.1312 -0.9422
vn -0.2260 -0.1599 -0.9609
vn -0.2836 -0.1494 -0.9472
vn -0.2123 -0.1623 -0.9636
vn 0.9182 -0.0411 0.3939
vn 0.9199 -0.0425 0.3899
vn 0.9205 -0.0430 0.3884
vn 0.8672 -0.3330 0.3702
vn 0.8669 -0.3327 0.3713
vn 0.8661 -0.3321 0.3735
vn 0.9902 -0.1020 0.0953
vn 0.9901 -0.0968 0.1015
vn 0.9902 -0.1108 0.0847
vn 0.9988 0.0395 0.0282
vn 0.9998 0.0121 -0.0179
vn 0.9980 -0.0138 -0.0614
vn 0.4402 -0.0242 -0.8975
vn 0.4519 -0.0172 -0.8919
vn 0.4690 0.0839 -0.8792
vn 0.5131 0.0728 -0.8553
vn 0.4623 0.0856 -0.8826
vn -0.4055 0.0525 -0.9126
vn -0.3586 0.0656 -0.9312
vn -0.3509 0.0677 -0.9339
vn -0.3376 -0.0696 -0.9387
vn -0.3479 -0.0683 -0.9350
vn -0.3363 -0.0698 -0.9392
vn -0.4699 -0.0890 0.8782
vn -0.4677 -0.0893 0.8794
vn -0.4674 -0.0894 0.8795
vn -0.4699 -0.0546 0.8810
vn -0.4697 -0.0546 0.8811
vn 0.3564 -0.0332 0.9338
vn 0.3568 -0.0333 0.9336
vn 0.3569 -0.0333 0.9335
vn 0.3591 -0.0340 0.9327
vn 0.9201 0.0109 0.3916
vn 0.9201 0.0108 0.3914
vn 0.9202 0.0108 0.3914
vn 0.9216 -0.0134 0.3879
vn 0.9203 -0.0127 0.3910
vn 0.9201 -0.0126 0.3915
vn 0.9961 0.0170 -0.0861
vn 0.9845 -0.0010 -0.1751
vn 0.9807 -0.0052 -0.1954
vn 0.9772 0.0178 -0.2116
vn 0.9802 0.0152 -0.1976
vn 0.9767 0.0182 -0.2136
vn 0.5277 0.0295 -0.8489
vn 0.5250 0.0272 -0.8506
vn 0.5172 0.0202 -0.8557
vn 0.2363 0.0235 -0.9714
vn 0.2376 0.0248 -0.9710
vn 0.2656 0.0540 -0.9626
vn 0.2673 0.0945 -0.9590
vn 0.2665 0.0935 -0.9593
vn 0.2709 0.0989 -0.9575
vn 0.4402 -0.0119 -0.8978
vn 0.4479 -0.0043 -0.8941
vn 0.3793 -0.0700 -0.9226
vn 0.9397 -0.0826 0.3318
vn 0.9359 -0.0891 0.3409
vn 0.9463 -0.0711 0.3154
vn 0.9510 -0.0790 -0.2988
vn 0.9470 -0.0868 -0.3093
vn 0.9373 -0.1041 -0.3326
vn 0.8379 -0.4081 -0.3625
vn 0.8218 -0.4203 -0.3848
vn 0.7718 -0.4529 -0.4464
vn 0.8256 -0.4057 0.3922
vn 0.8056 -0.4197 0.4182
vn 0.8655 -0.3735 0.3339
vn 0.1175 0.0235 0.9928
vn 0.1219 0.0276 0.9922
vn 0.0835 -0.0087 0.9965
vn 0.4455 0.0330 0.8947
vn 0.4427 0.0309 0.8961
vn 0.4515 0.0377 0.8915
vn 0.3764 -0.0271 0.9261
vn 0.3792 -0.0245 0.9250
vn 0.4367 0.0296 0.8991
vn 0.1854 0.0299 0.9822
vn 0.1817 0.0255 0.9830
vn 0.1587 -0.0014 0.9873
vn -0.0116 -0.9477 -0.3188
vn -0.0141 -0.9476 -0.3191
vn -0.0164 -0.9471 -0.3205
vn -0.0307 -0.9397 0.3406
vn -0.0259 -0.9330 0.3588
vn -0.0258 -0.9326 0.3599
vn -0.0234 -0.9318 0.3623
vn -0.0234 -0.9317 0.3626
vn 0.3107 -0.8923 -0.3277
vn 0.2999 -0.8876 -0.3497
vn 0.2952 -0.8854 -0.3590
vn 0.0511 -0.9469 -0.3175
vn 0.0503 -0.9457 -0.3212
vn 0.0502 -0.9454 -0.3219
vn 0.0384 -0.9304 0.3645
vn 0.0388 -0.9310 0.3629
vn 0.0383 -0.9303 0.3648
vn 0.2866 -0.8756 0.3888
vn 0.2952 -0.8796 0.3731
vn 0.2828 -0.8739 0.3955
vn 0.1477 -0.2770 0.9494
vn 0.1855 -0.1886 0.9644
vn 0.2022 -0.1476 0.9682
vn 0.0456 -0.3447 0.9376
vn 0.0475 -0.3533 0.9343
vn 0.0453 -0.3432 0.9382
vn 0.1161 0.0684 0.9909
vn 0.0794 0.2630 0.9615
vn 0.1222 0.0332 0.9919
vn 0.1043 0.1821 0.9777
vn 0.1318 0.0847 0.9876
vn 0.0937 0.2182 0.9714
vn 0.1531 0.0193 -0.9880
vn 0.1201 0.1558 -0.9805
vn 0.1084 0.1961 -0.9746
vn 0.1119 0.2175 -0.9696
vn 0.1570 0.0069 -0.9876
vn 0.0803 -0.3956 -0.9149
vn 0.0773 -0.3815 -0.9211
vn 0.0768 -0.3790 -0.9222
vn 0.2187 -0.1901 -0.9571
vn 0.1715 -0.3000 -0.9384
vn 0.2386 -0.1404 -0.9609
vn 0.0955 0.9404 0.3264
vn 0.0963 0.9412 0.3239
vn 0.0965 0.9413 0.3234
vn 0.3830 0.8747 0.2971
vn 0.3711 0.8746 0.3120
vn 0.3492 0.8736 0.3389
vn 0.3764 0.8902 -0.2566
vn 0.3934 0.8894 -0.2327
vn 0.3452 0.8898 -0.2986
vn 0.1004 0.9380 -0.3317
vn 0.1094 0.9488 -0.2964
vn 0.0985 0.9356 -0.3390
vn 0.0461 0.9564 0.2884
vn 0.0670 0.9819 0.1770
vn 0.0686 0.9833 0.1686
vn 0.0473 0.9462 0.3201
vn 0.0502 0.9512 0.3044
vn 0.0505 0.9517 0.3029
vn 0.0592 0.9378 -0.3420
vn 0.0596 0.9388 -0.3393
vn 0.0592 0.9377 -0.3423
vn 0.0737 0.9727 -0.2200
vn 0.0570 0.9427 -0.3287
vn 0.0748 0.9744 -0.2119
vn 0.0559 0.3226 -0.9449
vn 0.0641 0.2438 -0.9677
vn 0.0647 0.2376 -0.9692
vn 0.0426 0.3339 -0.9417
vn 0.0463 0.3547 -0.9338
vn 0.0422 0.3318 -0.9424
vn 0.0184 -0.3868 -0.9220
vn 0.0138 -0.3880 -0.9216
vn 0.0184 -0.3860 -0.9223
vn 0.0238 -0.3990 -0.9166
vn 0.0239 -0.4001 -0.9162
vn -0.0087 -0.3555 0.9346
vn -0.0140 -0.3451 0.9384
vn -0.0086 -0.3565 0.9343
vn -0.0208 -0.3585 0.9333
vn -0.0140 -0.3439 0.9389
vn 0.0131 0.3841 0.9232
vn 0.0113 0.3750 0.9270
vn 0.0111 0.3741 0.9273
vn 0.0304 0.2890 0.9568
vn 0.0233 0.3652 0.9306
vn 0.0310 0.2831 0.9586
vn 0.7313 -0.6703 0.1259
vn 0.7314 -0.6702 0.1260
vn 0.7533 -0.6332 0.1777
vn 0.7335 -0.6522 -0.1912
vn 0.7337 -0.6519 -0.1916
vn 0.7066 -0.6939 -0.1385
vn 0.9340 -0.2489 -0.2565
vn 0.9320 -0.2528 -0.2598
vn 0.9388 -0.2389 -0.2482
vn 0.9365 -0.2590 0.2366
vn 0.9355 -0.2611 0.2381
vn 0.9328 -0.2668 0.2422
vn 0.0781 0.3571 -0.9308
vn 0.0851 0.3803 -0.9209
vn 0.0768 0.3529 -0.9325
vn 0.3825 0.2236 -0.8965
vn 0.3522 0.1900 -0.9164
vn 0.4119 0.2567 -0.8743
vn 0.3502 -0.4581 -0.8170
vn 0.3570 -0.4510 -0.8180
vn 0.3405 -0.4680 -0.8155
vn 0.0560 -0.3945 -0.9172
vn 0.0529 -0.4044 -0.9131
vn 0.0566 -0.3926 -0.9180
vn 0.0118 -0.4068 0.9134
vn 0.0230 -0.3717 0.9281
vn 0.0251 -0.3648 0.9307
vn 0.3159 -0.4798 0.8185
vn 0.3151 -0.4806 0.8184
vn 0.3140 -0.4817 0.8182
vn 0.3104 0.1723 0.9349
vn 0.3471 0.2102 0.9140
vn 0.3855 0.2503 0.8881
vn 0.0496 0.3774 0.9247
vn 0.0504 0.3798 0.9237
vn 0.0505 0.3802 0.9235
vn 0.0371 -0.9477 -0.3169
vn 0.0363 -0.9486 -0.3144
vn 0.0373 -0.9475 -0.3176
vn 0.3344 -0.9171 -0.2170
vn 0.3232 -0.9168 -0.2346
vn 0.2983 -0.9146 -0.2728
vn 0.3045 -0.9343 0.1852
vn 0.3223 -0.9335 0.1571
vn 0.2652 -0.9326 0.2447
vn 0.0149 -0.9575 0.2880
vn 0.0265 -0.9444 0.3277
vn 0.0293 -0.9411 0.3369
vn -0.1704 -0.9708 0.1686
vn -0.1746 -0.9705 0.1665
vn -0.1688 -0.9710 0.1694
vn -0.0899 -0.9959 0.0021
vn -0.0823 -0.9966 0.0052
vn -0.0918 -0.9958 0.0014
vn -0.0347 -0.9994 0.0084
vn -0.0220 -0.9998 0.0035
vn -0.0185 -0.9998 0.0021
vn 0.0457 -0.9847 0.1680
vn 0.0428 -0.9846 0.1694
vn 0.0416 -0.9846 0.1700
vn -0.9918 0.0231 -0.1257
vn -0.9961 0.0582 -0.0662
vn -0.9835 -0.0096 -0.1805
vn -0.9988 0.0454 0.0190
vn -0.9991 0.0398 0.0121
vn -0.9996 0.0297 -0.0006
vn -0.9462 -0.1852 0.2652
vn -0.9461 -0.1851 0.2656
vn -0.9464 -0.1853 0.2645
vn -0.9636 -0.0400 0.2643
vn -0.9612 -0.0372 0.2733
vn -0.9645 -0.0411 0.2609
vn 0.9990 -0.0430 -0.0095
vn 0.9983 -0.0562 -0.0138
vn 0.9992 -0.0382 -0.0079
vn 0.9794 -0.0881 -0.1817
vn 0.9793 -0.0916 -0.1803
vn 0.9793 -0.0928 -0.1798
vn 0.9136 0.3570 -0.1948
vn 0.9063 0.3812 -0.1824
vn 0.9167 0.3457 -0.2005
vn 0.9839 0.1444 -0.1052
vn 0.9723 0.2209 -0.0765
vn 0.9883 0.0835 -0.1273
vn -0.4715 -0.0738 0.8787
vn -0.4707 -0.0741 0.8792
vn -0.4705 -0.0742 0.8793
vn -0.4254 -0.5516 0.7175
vn -0.4284 -0.5524 0.7151
vn -0.4225 -0.5508 0.7198
vn 0.2787 -0.6025 0.7479
vn 0.2750 -0.6010 0.7504
vn 0.2714 -0.5995 0.7530
vn 0.3559 -0.0748 0.9315
vn 0.3547 -0.0745 0.9320
vn 0.3544 -0.0744 0.9321
vn 0.2178 -0.9212 -0.3223
vn 0.2178 -0.9212 -0.3224
vn 0.2148 -0.9191 -0.3303
vn -0.0095 -0.9969 -0.0785
vn -0.0125 -0.9966 -0.0809
vn -0.0080 -0.9970 -0.0773
vn -0.1077 -0.9899 -0.0921
vn -0.1198 -0.9892 -0.0844
vn -0.1253 -0.9888 -0.0809
vn -0.3636 -0.8599 -0.3584
vn -0.3637 -0.8599 -0.3583
vn -0.3652 -0.8604 -0.3554
vn 0.4619 0.7138 -0.5265
vn 0.4554 0.7110 -0.5358
vn 0.4160 0.6926 -0.5892
vn 0.6591 -0.0852 -0.7472
vn 0.6528 -0.0678 -0.7545
vn 0.6440 -0.0446 -0.7637
vn -0.6338 0.0687 -0.7704
vn -0.6422 0.0553 -0.7645
vn -0.6215 0.0879 -0.7784
vn -0.3096 0.7779 -0.5468
vn -0.3172 0.7825 -0.5358
vn -0.2701 0.7523 -0.6009
vn 0.4498 -0.8843 0.1250
vn 0.4304 -0.8920 0.1385
vn 0.4248 -0.8940 0.1423
vn 0.2005 -0.9792 -0.0316
vn 0.1773 -0.9841 -0.0127
vn 0.1696 -0.9855 -0.0065
vn 0.7271 -0.6724 -0.1385
vn 0.7148 -0.6878 -0.1267
vn 0.7118 -0.6914 -0.1239
vn 0.9049 -0.4252 0.0174
vn 0.8915 -0.4515 0.0367
vn 0.8877 -0.4585 0.0419
vn -0.9462 0.2988 -0.1243
vn -0.9671 0.1932 -0.1653
vn -0.9746 0.1092 -0.1957
vn -0.8369 0.5111 -0.1961
vn -0.8540 0.4728 -0.2172
vn -0.8613 0.4545 -0.2270
vn -0.9777 0.0956 -0.1868
vn -0.9751 0.1098 -0.1926
vn -0.9787 0.0901 -0.1846
vn -0.9932 0.1101 -0.0370
vn -0.9946 0.0950 -0.0423
vn -0.9950 0.0892 -0.0443
vn 0.6416 0.4872 -0.5925
vn 0.4580 0.6408 -0.6161
vn 0.6943 0.4299 -0.5771
vn 0.3784 0.8757 -0.2999
vn 0.4211 0.8639 -0.2764
vn 0.4446 0.8563 -0.2628
vn -0.2650 0.9197 -0.2896
vn -0.2157 0.9249 -0.3130
vn -0.2918 0.9157 -0.2764
vn -0.3127 0.6743 -0.6690
vn -0.5371 0.5194 -0.6646
vn -0.6010 0.4613 -0.6527
vn -0.9941 -0.1087 -0.0015
vn -0.9961 -0.0861 -0.0163
vn -0.9934 -0.1147 0.0025
vn -0.9081 -0.3895 -0.1539
vn -0.9142 -0.3704 -0.1646
vn -0.9067 -0.3937 -0.1515
vn -0.3780 -0.9254 -0.0280
vn -0.4055 -0.9127 -0.0499
vn -0.3706 -0.9285 -0.0222
vn -0.6718 -0.7312 0.1180
vn -0.6906 -0.7158 0.1033
vn -0.6675 -0.7347 0.1213
vn 0.3671 0.6043 0.7072
vn 0.4526 0.1717 0.8750
vn 0.3463 0.6602 0.6665
vn 0.4758 0.7977 0.3706
vn 0.5257 0.6663 0.5289
vn 0.4734 0.8022 0.3639
vn 0.4017 0.5497 0.7324
vn 0.4038 0.5732 0.7131
vn 0.4016 0.5490 0.7330
vn 0.2574 0.0628 0.9643
vn 0.2570 0.0267 0.9660
vn 0.2575 0.0712 0.9637
vn 0.5090 0.8530 -0.1158
vn 0.4623 0.8772 -0.1299
vn 0.4258 0.8938 -0.1404
vn 0.5096 0.8567 -0.0796
vn 0.4680 0.8806 -0.0738
vn 0.4548 0.8877 -0.0720
vn 0.4841 0.8722 0.0706
vn 0.4816 0.8736 0.0701
vn 0.4846 0.8719 0.0707
vn 0.4707 0.8760 0.1055
vn 0.5117 0.8539 0.0951
vn 0.4459 0.8881 0.1115
vn 0.5446 0.8363 -0.0632
vn 0.5330 0.8435 -0.0671
vn 0.5111 0.8563 -0.0743
vn 0.7654 0.6337 -0.1127
vn 0.7688 0.6301 -0.1094
vn 0.7422 0.6566 -0.1343
vn 0.7455 0.5789 0.3303
vn 0.7474 0.5775 0.3284
vn 0.7619 0.5663 0.3144
vn 0.5367 0.8354 0.1189
vn 0.5267 0.8412 0.1224
vn 0.5484 0.8283 0.1148
vn 0.5031 0.7647 0.4027
vn 0.4843 0.7924 0.3708
vn 0.5053 0.7611 0.4066
vn 0.4905 0.3989 0.7748
vn 0.4776 0.4163 0.7737
vn 0.5058 0.3777 0.7755
vn 0.2980 0.4064 0.8637
vn 0.2754 0.5133 0.8128
vn 0.3049 0.3671 0.8788
vn 0.4243 0.7510 0.5059
vn 0.4076 0.8282 0.3846
vn 0.4252 0.7449 0.5141
vn 0.3591 0.4524 -0.8163
vn 0.3776 0.7324 -0.5665
vn 0.3773 0.7397 -0.5573
vn 0.3972 0.4265 -0.8126
vn 0.3796 0.4969 -0.7804
vn 0.3745 0.5153 -0.7708
vn 0.5737 0.5680 -0.5901
vn 0.5600 0.5844 -0.5872
vn 0.5437 0.6033 -0.5835
vn 0.4967 0.7827 -0.3751
vn 0.4669 0.8187 -0.3342
vn 0.4612 0.8251 -0.3264
vn 0.0716 -0.6948 -0.7157
vn 0.0743 -0.6976 -0.7126
vn 0.0816 -0.7056 -0.7039
vn 0.0230 -0.8355 -0.5490
vn 0.0233 -0.8357 -0.5487
vn 0.0242 -0.8365 -0.5475
vn 0.2681 -0.8204 -0.5051
vn 0.2639 -0.8192 -0.5091
vn 0.2955 -0.8271 -0.4781
vn 0.3887 -0.7023 -0.5964
vn 0.3724 -0.6974 -0.6123
vn 0.4437 -0.7163 -0.5387
vn 0.9578 0.2406 -0.1575
vn 0.9578 0.2405 -0.1574
vn 0.9577 0.2406 -0.1576
vn 0.9876 0.0053 -0.1571
vn 0.9919 -0.0111 -0.1263
vn 0.9831 0.0187 -0.1820
vn 0.8045 0.0508 0.5918
vn 0.8212 0.0357 0.5695
vn 0.8310 0.0264 0.5556
vn 0.8360 0.1993 0.5113
vn 0.8464 0.1897 0.4977
vn 0.8572 0.1792 0.4828
vn 0.3663 0.1906 0.9108
vn 0.3826 0.1777 0.9067
vn 0.4106 0.1550 0.8986
vn 0.2696 0.1239 0.9550
vn 0.2913 0.1085 0.9505
vn 0.3113 0.0942 0.9456
vn 0.0276 0.1531 0.9878
vn 0.0306 0.1505 0.9881
vn 0.0366 0.1451 0.9887
vn 0.1093 0.2405 0.9645
vn 0.1099 0.2398 0.9646
vn 0.1406 0.2011 0.9694
vn 0.3741 0.3368 -0.8641
vn 0.3788 0.3295 -0.8648
vn 0.3905 0.3111 -0.8665
vn 0.2699 0.0336 -0.9623
vn 0.2762 0.0248 -0.9608
vn 0.3059 -0.0176 -0.9519
vn 0.5140 -0.0456 -0.8566
vn 0.5018 -0.0354 -0.8643
vn 0.5395 -0.0673 -0.8393
vn 0.5900 0.2854 -0.7553
vn 0.5863 0.2893 -0.7567
vn 0.6058 0.2687 -0.7489
vn 0.1827 0.9830 -0.0200
vn 0.1467 0.8314 0.5359
vn 0.2466 0.4160 0.8753
vn 0.1376 0.8525 0.5043
vn 0.1777 0.9833 0.0390
vn 0.1933 0.9779 0.0792
vn 0.1759 0.9838 0.0343
vn 0.1750 0.9811 0.0832
vn 0.1806 0.9813 0.0671
vn 0.1814 0.9813 0.0650
vn 0.0042 0.4370 0.8994
vn 0.2079 0.8185 0.5355
vn 0.2218 0.8385 0.4977
vn 0.1094 0.9784 -0.1756
vn 0.1604 0.9805 -0.1136
vn 0.0768 0.9738 -0.2142
vn 0.1729 0.9845 -0.0294
vn 0.1708 0.9848 -0.0303
vn 0.1586 0.9867 -0.0350
vn 0.1705 0.9853 -0.0102
vn 0.1726 0.9849 -0.0110
vn 0.1581 0.9874 -0.0060
vn 0.1571 0.9849 0.0728
vn 0.1040 0.9856 0.1330
vn 0.0701 0.9828 0.1706
vn 0.2133 0.7675 -0.6045
vn 0.0246 0.3663 -0.9302
vn 0.2255 0.7894 -0.5710
vn 0.1838 0.9772 -0.1066
vn 0.1786 0.9762 -0.1231
vn 0.1845 0.9773 -0.1044
vn 0.1968 0.9733 -0.1184
vn 0.1798 0.9805 -0.0790
vn 0.1778 0.9812 -0.0744
vn 0.2761 0.3620 -0.8904
vn 0.1655 0.8032 -0.5723
vn 0.1553 0.8259 -0.5420
vn 0.9836 -0.0165 0.1794
vn 0.9833 -0.0155 0.1813
vn 0.9831 -0.0147 0.1827
vn 0.9693 0.2108 0.1269
vn 0.9659 0.2185 0.1390
vn 0.9622 0.2264 0.1515
vn 0.7526 0.1418 0.6430
vn 0.7796 0.1667 0.6036
vn 0.7369 0.1280 0.6638
vn 0.7408 -0.0100 0.6717
vn 0.7478 -0.0161 0.6638
vn 0.7421 -0.0107 0.6703
vn 0.9966 -0.0795 -0.0211
vn 0.9906 -0.1280 0.0491
vn 0.9944 -0.0216 -0.1035
vn 0.9860 -0.0339 0.1631
vn 0.9842 -0.0396 0.1726
vn 0.9878 -0.0280 0.1535
vn 0.7524 -0.0195 0.6584
vn 0.7552 -0.0216 0.6551
vn 0.7670 0.0113 0.6416
vn 0.7819 -0.0011 0.6234
vn 0.7910 -0.0089 0.6117
vn 0.2182 0.0559 0.9743
vn 0.2259 0.0504 0.9728
vn 0.2346 0.0441 0.9711
vn 0.1932 0.0066 0.9811
vn 0.1997 0.0015 0.9798
vn 0.2018 0.0002 0.9794
vn -0.0013 0.0145 0.9999
vn -0.0017 0.0070 1.0000
vn -0.0019 0.0071 1.0000
vn 0.0056 0.0661 0.9978
vn 0.0054 0.0663 0.9978
vn 0.0049 0.0668 0.9978
vn 0.1807 0.9775 -0.1093
vn 0.1819 0.9775 -0.1072
vn 0.1786 0.9774 -0.1128
vn 0.0788 0.7148 0.6948
vn 0.0852 0.7050 0.7040
vn 0.0709 0.7267 0.6833
vn 0.4097 0.6239 0.6655
vn 0.4060 0.6384 0.6539
vn 0.4139 0.6064 0.6789
vn 0.6000 0.7991 -0.0369
vn 0.5949 0.8032 -0.0301
vn 0.5820 0.8131 -0.0132
vn 0.1899 0.0085 0.9818
vn 0.1979 0.0028 0.9802
vn 0.1704 0.1298 0.9768
vn 0.1844 0.1192 0.9756
vn 0.2013 0.1061 0.9738
vn 0.0037 0.1573 0.9875
vn 0.0060 0.1551 0.9879
vn 0.0140 0.1476 0.9889
vn -0.0025 0.0157 0.9999
vn -0.0013 0.0070 1.0000
vn 0.5565 0.7761 -0.2966
vn 0.5552 0.7775 -0.2954
vn 0.5770 0.7532 -0.3158
vn 0.4570 0.6825 -0.5704
vn 0.4617 0.6831 -0.5659
vn 0.5015 0.6871 -0.5257
vn 0.1870 0.7301 -0.6573
vn 0.1862 0.7296 -0.6581
vn 0.1940 0.7343 -0.6505
vn 0.1923 0.9001 -0.3910
vn 0.1914 0.8998 -0.3921
vn 0.1992 0.9020 -0.3830
vn 0.1048 -0.4478 -0.8880
vn 0.1051 -0.4482 -0.8878
vn 0.1054 -0.4487 -0.8874
vn 0.1560 -0.0519 -0.9864
vn 0.1561 -0.0521 -0.9864
vn 0.1565 -0.0526 -0.9863
vn 0.4777 -0.0542 -0.8768
vn 0.4781 -0.0547 -0.8766
vn 0.3781 -0.3963 -0.8366
vn 0.3726 -0.3869 -0.8435
vn 0.3492 -0.3476 -0.8702
vn 0.1617 0.0468 -0.9857
vn 0.1619 0.0465 -0.9857
vn 0.1638 0.0442 -0.9855
vn 0.1737 0.3191 -0.9317
vn 0.1738 0.3191 -0.9317
vn 0.4360 0.2621 -0.8610
vn 0.4313 0.2668 -0.8618
vn 0.4641 0.2328 -0.8546
vn 0.4781 0.0266 -0.8779
vn 0.4769 0.0278 -0.8785
vn 0.4831 0.0213 -0.8753
vn 0.9445 -0.2905 -0.1535
vn 0.9486 -0.2702 -0.1651
vn 0.9604 -0.1746 -0.2170
vn 0.8478 -0.3678 -0.3820
vn 0.8478 -0.3677 -0.3820
vn 0.9350 -0.0633 -0.3491
vn 0.9350 -0.0635 -0.3489
vn 0.9344 -0.0613 -0.3510
vn 0.9985 -0.0544 -0.0092
vn 0.9984 -0.0564 -0.0070
vn 0.9988 -0.0459 -0.0184
vn 0.9999 -0.0131 0.0017
vn 0.9999 -0.0138 0.0008
vn 0.9999 -0.0151 -0.0009
vn 0.9367 -0.0045 -0.3500
vn 0.9361 -0.0060 -0.3518
vn 0.9344 -0.0095 -0.3560
vn 0.9005 0.2241 -0.3726
vn 0.9007 0.2256 -0.3713
vn 0.9016 0.2334 -0.3643
vn 0.9688 0.2403 -0.0610
vn 0.9695 0.2364 -0.0647
vn 0.9720 0.2214 -0.0789
vn -0.1887 0.1930 -0.9629
vn -0.2947 0.6561 -0.6947
vn -0.4269 0.8420 -0.3298
vn -0.3183 0.5933 -0.7394
vn -0.2241 -0.0000 0.9746
vn -0.2382 -0.0000 0.9712
vn -0.3097 0.0222 0.9506
vn -0.2013 -0.1476 0.9683
vn -0.1387 0.9836 0.1156
vn -0.0271 0.9905 -0.1352
vn -0.1432 0.9890 -0.0374
vn -0.1732 0.9849 0.0016
vn -0.5065 -0.0019 -0.8622
vn -0.1129 -0.0854 -0.9899
vn -0.1060 -0.3401 -0.9344
vn -0.5071 -0.0264 -0.8615
vn -0.1954 -0.1389 -0.9708
vn -0.2481 0.1346 -0.9593
vn -0.1893 0.1951 -0.9623
vn -0.2178 0.1119 -0.9696
vn 0.4373 -0.1495 0.8868
vn 0.4651 -0.1433 0.8736
vn -0.0825 0.0083 0.9966
vn -0.4523 0.0254 0.8915
vn -0.3656 -0.0002 0.9308
vn 0.2946 -0.0765 0.9525
vn -0.9478 0.0203 0.3181
vn -0.9601 0.0337 -0.2775
vn -0.9673 0.0671 -0.2447
vn -0.9399 0.0619 0.3359
vn 0.9389 -0.1137 -0.3248
vn 0.9597 -0.1150 0.2564
vn 0.9437 -0.0532 -0.3266
vn -0.9265 0.0692 0.3700
vn -0.9713 0.0757 -0.2255
vn -0.9748 0.0539 -0.2163
vn -0.9187 0.0477 0.3922
vn 0.9006 -0.2798 -0.3325
vn 0.9368 -0.3164 0.1490
vn 0.9450 -0.2104 0.2506
vn 0.9155 -0.2071 -0.3450
vn -0.4480 -0.0188 -0.8938
vn 0.2123 -0.1623 -0.9636
vn 0.3082 -0.1312 -0.9422
vn -0.9176 -0.0406 0.3955
vn -0.9946 0.0689 0.0778
vn -0.9897 -0.0847 0.1158
vn -0.8680 -0.3336 0.3679
vn 0.3363 -0.0698 -0.9392
vn 0.4110 0.0509 -0.9102
vn -0.4623 0.0856 -0.8826
vn 0.4702 -0.0890 0.8780
vn -0.3563 -0.0331 0.9338
vn 0.4700 -0.0546 0.8810
vn -0.9767 0.0182 -0.2136
vn -0.9972 0.0198 -0.0720
vn -0.9218 -0.0135 0.3874
vn -0.5172 0.0202 -0.8557
vn -0.3793 -0.0700 -0.9226
vn -0.2709 0.0989 -0.9575
vn -0.2656 0.0540 -0.9626
vn -0.9281 -0.1015 0.3583
vn -0.7496 -0.4531 0.4825
vn -0.7718 -0.4529 -0.4464
vn -0.9373 -0.1041 -0.3326
vn -0.1540 0.0581 0.9864
vn -0.2074 0.0558 0.9767
vn -0.3255 -0.0729 0.9427
vn -0.4369 0.0265 0.8991
vn 0.0116 -0.9477 -0.3188
vn 0.0310 -0.9404 0.3386
vn -0.3184 -0.8953 -0.3115
vn -0.2828 -0.8739 0.3955
vn -0.0383 -0.9303 0.3648
vn -0.0513 -0.9472 -0.3166
vn -0.1183 -0.3417 0.9323
vn -0.0937 0.2182 0.9714
vn -0.1222 0.0332 0.9919
vn -0.0453 -0.3432 0.9382
vn -0.2386 -0.1404 -0.9609
vn -0.0810 -0.3987 -0.9135
vn -0.1049 0.2507 -0.9624
vn -0.0953 0.9402 0.3270
vn -0.0985 0.9356 -0.3390
vn -0.3452 0.8897 -0.2987
vn -0.4070 0.8738 0.2661
vn -0.0435 0.9523 0.3020
vn -0.0749 0.9744 -0.2119
vn -0.0592 0.9377 -0.3423
vn -0.0469 0.9456 0.3219
vn -0.0549 0.3312 -0.9419
vn -0.0184 -0.3860 -0.9223
vn -0.0422 0.3318 -0.9424
vn 0.0086 -0.3565 0.9343
vn -0.0310 0.2831 0.9586
vn -0.0133 0.3850 0.9228
vn 0.0210 -0.3599 0.9328
vn -0.7533 -0.6332 0.1777
vn -0.9392 -0.2530 0.2322
vn -0.9388 -0.2389 -0.2482
vn -0.7570 -0.6061 -0.2440
vn -0.0768 0.3529 -0.9325
vn -0.0566 -0.3926 -0.9180
vn -0.3405 -0.4680 -0.8155
vn -0.4119 0.2567 -0.8743
vn -0.0095 -0.4140 0.9102
vn -0.0494 0.3770 0.9249
vn -0.2554 0.1164 0.9598
vn -0.3171 -0.4786 0.8188
vn -0.0373 -0.9475 -0.3176
vn -0.0119 -0.9606 0.2776
vn -0.2652 -0.9326 0.2447
vn -0.3621 -0.9162 -0.1719
vn 0.1688 -0.9710 0.1694
vn -0.0470 -0.9848 0.1673
vn 0.0414 -0.9991 0.0110
vn 0.0918 -0.9958 0.0014
vn 0.9835 -0.0096 -0.1805
vn 0.9645 -0.0411 0.2609
vn 0.9464 -0.1853 0.2645
vn 0.9996 0.0297 -0.0006
vn -0.9992 -0.0382 -0.0079
vn -0.9883 0.0835 -0.1273
vn -0.9167 0.3457 -0.2005
vn -0.9794 -0.0867 -0.1823
vn 0.4718 -0.0738 0.8786
vn -0.3562 -0.0749 0.9314
vn -0.2823 -0.6040 0.7453
vn 0.4225 -0.5508 0.7198
vn -0.2148 -0.9191 -0.3303
vn 0.3620 -0.8593 -0.3614
vn 0.0989 -0.9903 -0.0977
vn 0.0080 -0.9970 -0.0773
vn -0.4875 0.7240 -0.4880
vn 0.2701 0.7523 -0.6009
vn 0.6533 0.0371 -0.7562
vn -0.6440 -0.0446 -0.7637
vn -0.4553 -0.8821 0.1212
vn -0.9081 -0.4186 0.0126
vn -0.7300 -0.6687 -0.1413
vn -0.2085 -0.9773 -0.0381
vn 0.9000 0.4305 -0.0683
vn 0.9924 0.1182 -0.0343
vn 0.9787 0.0901 -0.1846
vn 0.8277 0.5296 -0.1854
vn -0.6943 0.4299 -0.5771
vn 0.2099 0.7252 -0.6558
vn 0.2918 0.9157 -0.2764
vn -0.3539 0.8814 -0.3129
vn 0.9934 -0.1147 0.0025
vn 0.6675 -0.7347 0.1213
vn 0.3706 -0.9285 -0.0222
vn 0.9067 -0.3937 -0.1515
vn -0.4571 0.0949 0.8843
vn -0.2568 0.0195 0.9663
vn -0.4039 0.5740 0.7123
vn -0.5272 0.6603 0.5349
vn -0.4258 0.8939 -0.1404
vn -0.5210 0.8485 0.0927
vn -0.4812 0.8738 0.0700
vn -0.4548 0.8876 -0.0720
vn -0.5111 0.8563 -0.0743
vn -0.5143 0.8482 0.1267
vn -0.7294 0.5906 0.3452
vn -0.7422 0.6566 -0.1343
vn -0.4818 0.7959 0.3665
vn -0.4056 0.8343 0.3734
vn -0.2639 0.5593 0.7858
vn -0.4598 0.4393 0.7718
vn -0.3773 0.7397 -0.5573
vn -0.4612 0.8251 -0.3264
vn -0.5437 0.6033 -0.5835
vn -0.3745 0.5153 -0.7708
vn -0.0816 -0.7056 -0.7039
vn -0.4437 -0.7163 -0.5387
vn -0.2955 -0.8271 -0.4781
vn -0.0242 -0.8365 -0.5475
vn -0.9577 0.2406 -0.1576
vn -0.8225 0.2112 0.5280
vn -0.7922 0.0614 0.6071
vn -0.9831 0.0187 -0.1820
vn -0.3338 0.2157 0.9176
vn -0.0749 0.2829 0.9562
vn -0.0213 0.1587 0.9871
vn -0.2478 0.1390 0.9588
vn -0.3905 0.3111 -0.8665
vn -0.6058 0.2687 -0.7489
vn -0.5395 -0.0673 -0.8393
vn -0.3059 -0.0176 -0.9519
vn -0.2537 0.3575 0.8988
vn -0.2218 0.8385 0.4977
vn -0.1814 0.9813 0.0650
vn -0.1958 0.9769 0.0857
vn -0.0768 0.9738 -0.2142
vn -0.1934 0.9806 0.0307
vn -0.1890 0.9818 -0.0166
vn -0.1586 0.9867 -0.0350
vn 0.0177 0.2640 -0.9644
vn -0.1553 0.8259 -0.5420
vn -0.1778 0.9813 -0.0744
vn -0.1775 0.9760 -0.1265
vn -0.9839 -0.0172 0.1780
vn -0.7396 -0.0093 0.6730
vn -0.7369 0.1280 0.6638
vn -0.9725 0.2028 0.1144
vn -0.9944 -0.0216 -0.1035
vn -0.7569 0.0195 0.6533
vn -0.9878 -0.0280 0.1535
vn -0.2093 0.0623 0.9759
vn -0.0061 0.0657 0.9978
vn -0.1842 0.9774 -0.1033
vn -0.5820 0.8131 -0.0131
vn -0.3983 0.6662 0.6305
vn -0.0939 0.6913 0.7164
vn -0.1875 0.0100 0.9822
vn 0.0037 0.0165 0.9999
vn 0.0040 0.1645 0.9864
vn -0.1542 0.1421 0.9778
vn -0.5770 0.7532 -0.3158
vn -0.1847 0.8977 -0.4000
vn -0.1792 0.7253 -0.6647
vn -0.4165 0.6761 -0.6078
vn -0.1054 -0.4487 -0.8874
vn -0.3492 -0.3476 -0.8702
vn -0.4781 -0.0547 -0.8766
vn -0.1565 -0.0526 -0.9863
vn -0.1638 0.0442 -0.9855
vn -0.4831 0.0213 -0.8753
vn -0.4641 0.2328 -0.8546
vn -0.1738 0.3191 -0.9317
vn -0.9090 -0.4086 -0.0827
vn -0.9978 -0.0658 0.0031
vn -0.9356 -0.0657 -0.3468
vn -0.8478 -0.3679 -0.3819
vn -0.9999 -0.0151 -0.0009
vn -0.9720 0.2214 -0.0789
vn -0.9015 0.2334 -0.3643
vn -0.9344 -0.0095 -0.3560
vn 0.1887 0.2024 -0.9609
vn 0.2373 0.2559 -0.9371
vn 0.4904 0.6588 -0.5705
vn 0.3793 0.2059 -0.9021
vn 0.2091 0.0181 0.9777
vn 0.2013 -0.1476 0.9683
vn 0.2298 0.2082 0.9507
vn 0.2267 0.0233 0.9737
vn 0.0214 0.9957 0.0906
vn 0.1417 0.9899 -0.0039
vn 0.1432 0.9890 -0.0374
vn 0.0271 0.9905 -0.1352
vn 0.5065 -0.0019 -0.8622
vn 0.4482 -0.0025 -0.8939
vn -0.1864 -0.1010 -0.9773
vn 0.1129 -0.0854 -0.9899
vn 0.3710 0.0997 -0.9233
vn 0.2668 0.1639 -0.9497
vn 0.1893 0.1951 -0.9623
vn 0.2481 0.1346 -0.9593
vn -0.4373 -0.1495 0.8868
vn -0.4651 -0.1433 0.8736
vn -0.0062 -0.0522 0.9986
vn -0.2946 -0.0765 0.9525
vn 0.3656 -0.0002 0.9308
vn 0.4238 0.0078 0.9057
vn 0.9424 0.0103 0.3343
vn 0.9284 0.0439 0.3689
vn 0.9724 0.0587 -0.2259
vn 0.9693 0.0138 -0.2453
vn -0.9389 -0.1137 -0.3248
vn -0.9841 -0.0233 -0.1762
vn -0.9597 -0.1150 0.2564
vn 0.9198 0.0610 0.3877
vn 0.9187 0.0477 0.3922
vn 0.9758 0.0530 -0.2121
vn 0.9738 0.0726 -0.2156
vn -0.9006 -0.2798 -0.3325
vn -0.9155 -0.2071 -0.3450
vn -0.9450 -0.2104 0.2506
vn -0.9270 -0.2829 0.2463
vn -0.3339 -0.1282 -0.9339
vn -0.3076 -0.1448 -0.9404
vn 0.9176 -0.0406 0.3955
vn 0.8679 -0.3336 0.3679
vn 0.9897 -0.0847 0.1159
vn 0.9946 0.0689 0.0778
vn 0.4530 -0.0174 -0.8913
vn 0.5180 0.0715 -0.8524
vn -0.4110 0.0509 -0.9102
vn -0.3496 -0.0681 -0.9344
vn -0.4702 -0.0890 0.8780
vn -0.4700 -0.0546 0.8810
vn 0.3563 -0.0331 0.9338
vn 0.9218 -0.0135 0.3874
vn 0.9972 0.0198 -0.0720
vn 0.9807 0.0148 -0.1952
vn 0.5359 0.0369 -0.8435
vn 0.2065 -0.0070 -0.9784
vn 0.2628 0.0890 -0.9607
vn 0.5141 0.0636 -0.8554
vn 0.9281 -0.1015 0.3583
vn 0.9590 -0.0625 -0.2763
vn 0.8738 -0.3771 -0.3071
vn 0.7496 -0.4531 0.4825
vn 0.1540 0.0581 0.9864
vn 0.4369 0.0265 0.8991
vn 0.3255 -0.0729 0.9427
vn 0.2074 0.0558 0.9767
vn -0.0164 -0.9471 -0.3206
vn -0.0310 -0.9404 0.3386
vn 0.3184 -0.8953 -0.3115
vn 0.0513 -0.9472 -0.3166
vn 0.0389 -0.9312 0.3625
vn 0.3015 -0.8823 0.3615
vn 0.1183 -0.3417 0.9323
vn 0.0479 -0.3552 0.9336
vn 0.0726 0.2962 0.9524
vn 0.1457 0.0335 0.9888
vn 0.1049 0.2507 -0.9624
vn 0.0810 -0.3987 -0.9135
vn 0.1353 -0.3777 -0.9160
vn 0.0953 0.9402 0.3270
vn 0.4070 0.8738 0.2661
vn 0.4261 0.8855 -0.1850
vn 0.1114 0.9510 -0.2884
vn 0.0435 0.9523 0.3020
vn 0.0469 0.9456 0.3219
vn 0.0597 0.9389 -0.3390
vn 0.0549 0.9381 -0.3419
vn 0.0549 0.3312 -0.9419
vn 0.0467 0.3568 -0.9330
vn 0.0137 -0.3882 -0.9215
vn -0.0210 -0.3599 0.9328
vn 0.0133 0.3850 0.9228
vn 0.0225 0.3735 0.9273
vn 0.7069 -0.7033 0.0753
vn 0.7570 -0.6061 -0.2440
vn 0.9271 -0.2623 -0.2678
vn 0.9392 -0.2530 0.2322
vn 0.0865 0.3849 -0.9189
vn 0.3104 0.1443 -0.9396
vn 0.3674 -0.4401 -0.8193
vn 0.0522 -0.4065 -0.9122
vn 0.0095 -0.4140 0.9102
vn 0.3171 -0.4786 0.8188
vn 0.2554 0.1164 0.9598
vn 0.0494 0.3770 0.9249
vn 0.0361 -0.9488 -0.3137
vn 0.3621 -0.9162 -0.1719
vn 0.3646 -0.9271 0.0871
vn 0.0119 -0.9606 0.2776
vn -0.1762 -0.9703 0.1657
vn -0.0787 -0.9969 0.0067
vn -0.0414 -0.9991 0.0110
vn 0.0470 -0.9848 0.1673
vn -0.9954 0.0956 -0.0018
vn -0.9976 0.0592 0.0363
vn -0.9460 -0.1849 0.2664
vn -0.9602 -0.0360 0.2769
vn 0.9979 -0.0630 -0.0160
vn 0.9794 -0.0867 -0.1823
vn 0.9025 0.3929 -0.1763
vn 0.9469 0.3193 -0.0379
vn -0.4718 -0.0738 0.8786
vn -0.4312 -0.5532 0.7127
vn 0.2823 -0.6040 0.7453
vn 0.3562 -0.0749 0.9314
vn 0.2209 -0.9233 -0.3142
vn -0.0150 -0.9965 -0.0828
vn -0.0989 -0.9903 -0.0977
vn -0.3620 -0.8593 -0.3614
vn 0.4875 0.7240 -0.4880
vn 0.6666 -0.1070 -0.7377
vn -0.6533 0.0371 -0.7562
vn -0.3429 0.7971 -0.4970
vn 0.4553 -0.8821 0.1212
vn 0.2085 -0.9773 -0.0381
vn 0.7300 -0.6687 -0.1413
vn 0.9081 -0.4186 0.0126
vn -0.9000 0.4305 -0.0683
vn -0.8277 0.5296 -0.1854
vn -0.9739 0.1161 -0.1952
vn -0.9924 0.1182 -0.0343
vn 0.3686 0.6969 -0.6152
vn 0.3539 0.8814 -0.3129
vn -0.1888 0.9266 -0.3252
vn -0.2099 0.7252 -0.6558
vn -0.9966 -0.0805 -0.0201
vn -0.9155 -0.3662 -0.1669
vn -0.4132 -0.9089 -0.0560
vn -0.6948 -0.7122 0.0999
vn 0.4571 0.0949 0.8843
vn 0.5272 0.6602 0.5349
vn 0.4039 0.5740 0.7123
vn 0.2568 0.0195 0.9663
vn 0.5217 0.8458 -0.1118
vn 0.5232 0.8483 -0.0814
vn 0.4812 0.8738 0.0700
vn 0.5210 0.8485 0.0927
vn 0.5695 0.8202 -0.0547
vn 0.7938 0.6023 -0.0843
vn 0.7294 0.5906 0.3452
vn 0.5143 0.8482 0.1267
vn 0.4818 0.7959 0.3665
vn 0.4598 0.4393 0.7718
vn 0.2639 0.5593 0.7858
vn 0.4056 0.8343 0.3734
vn 0.3551 0.4247 -0.8328
vn 0.4035 0.3974 -0.8242
vn 0.5924 0.5445 -0.5937
vn 0.5040 0.7731 -0.3852
vn 0.0637 -0.6860 -0.7248
vn 0.0221 -0.8347 -0.5502
vn 0.2360 -0.8110 -0.5353
vn 0.2998 -0.6720 -0.6772
vn 0.9578 0.2405 -0.1573
vn 0.9943 -0.0231 -0.1037
vn 0.7922 0.0614 0.6071
vn 0.8225 0.2112 0.5280
vn 0.3338 0.2157 0.9176
vn 0.2478 0.1390 0.9588
vn 0.0213 0.1587 0.9871
vn 0.0749 0.2829 0.9562
vn 0.3601 0.3581 -0.8615
vn 0.2359 0.0804 -0.9684
vn 0.4691 -0.0087 -0.8831
vn 0.5678 0.3080 -0.7634
vn 0.2537 0.3575 0.8988
vn 0.1958 0.9769 0.0856
vn 0.1738 0.9810 0.0865
vn -0.0457 0.3231 0.9453
vn 0.1951 0.9783 -0.0702
vn 0.1891 0.9817 -0.0231
vn 0.1889 0.9818 -0.0166
vn 0.1934 0.9806 0.0307
vn -0.0177 0.2640 -0.9644
vn 0.1775 0.9760 -0.1265
vn 0.1995 0.9719 -0.1247
vn 0.2836 0.3019 -0.9102
vn 0.9839 -0.0172 0.1780
vn 0.9725 0.2028 0.1144
vn 0.7921 0.1789 0.5836
vn 0.7396 -0.0093 0.6730
vn 0.9724 -0.1883 0.1377
vn 0.9821 -0.0458 0.1828
vn 0.7569 0.0195 0.6533
vn 0.2093 0.0623 0.9759
vn 0.0061 0.0657 0.9978
vn 0.1842 0.9774 -0.1033
vn 0.0939 0.6913 0.7164
vn 0.3983 0.6662 0.6305
vn 0.6126 0.7886 -0.0539
vn 0.1875 0.0100 0.9822
vn 0.1542 0.1421 0.9778
vn -0.0040 0.1645 0.9864
vn -0.0037 0.0165 0.9999
vn 0.5325 0.8007 -0.2746
vn 0.4165 0.6761 -0.6078
vn 0.1792 0.7253 -0.6647
vn 0.1847 0.8977 -0.4000
vn 0.1045 -0.4473 -0.8883
vn 0.1557 -0.0514 -0.9865
vn 0.4773 -0.0538 -0.8771
vn 0.3938 -0.4231 -0.8160
vn 0.1598 0.0491 -0.9859
vn 0.4026 0.2953 -0.8665
vn 0.4717 0.0333 -0.8812
vn 0.9090 -0.4086 -0.0827
vn 0.8478 -0.3679 -0.3819
vn 0.9356 -0.0657 -0.3468
vn 0.9978 -0.0658 0.0031
vn 0.9999 -0.0117 0.0036
vn 0.9385 -0.0006 -0.3453
vn 0.8995 0.2158 -0.3800
vn 0.9655 0.2564 -0.0456
vt 0.456856 0.239981
vt 0.453104 0.267970
vt 0.447151 0.238637
vt 0.460540 0.269996
vt 0.457218 0.290738
vt 0.995669 0.281603
vt 0.986133 0.298339
vt 0.994692 0.279360
vt 0.451163 0.265897
vt 0.445449 0.238419
vt 0.061886 0.254767
vt 0.042470 0.223080
vt 0.065345 0.228045
vt 0.034371 0.249876
vt 0.024480 0.219801
vt 0.034909 0.192936
vt 0.049759 0.195934
vt 0.068406 0.200569
vt 0.958393 0.309911
vt 0.973547 0.314294
vt 0.962314 0.319851
vt 0.988553 0.312615
vt 0.973748 0.311162
vt 0.983560 0.321823
vt 0.972814 0.322452
vt 0.964820 0.324901
vt 0.551486 0.280011
vt 0.582416 0.306533
vt 0.547586 0.299253
vt 0.556965 0.255503
vt 0.586215 0.287244
vt 0.620233 0.268862
vt 0.628226 0.299243
vt 0.625342 0.317895
vt 0.883755 0.149819
vt 0.912938 0.177043
vt 0.879642 0.177877
vt 0.887879 0.126459
vt 0.914641 0.149046
vt 0.916408 0.125745
vt 0.945526 0.148272
vt 0.946235 0.176209
vt 0.495342 0.304405
vt 0.478528 0.272586
vt 0.501627 0.275150
vt 0.461383 0.300384
vt 0.476334 0.301922
vt 0.479705 0.243177
vt 0.507176 0.247161
vt 0.194963 0.251268
vt 0.244837 0.266462
vt 0.176334 0.275893
vt 0.197126 0.234543
vt 0.247800 0.252578
vt 0.249080 0.239105
vt 0.305166 0.255111
vt 0.303134 0.265130
vt 0.112308 0.263746
vt 0.151071 0.246437
vt 0.146991 0.270033
vt 0.115055 0.240075
vt 0.152665 0.229123
vt 0.519063 0.552107
vt 0.535663 0.588630
vt 0.514950 0.588207
vt 0.539138 0.553029
vt 0.556707 0.590678
vt 0.551152 0.634351
vt 0.531555 0.632609
vt 0.512206 0.632711
vt 0.913071 0.227959
vt 0.882691 0.262588
vt 0.878877 0.228498
vt 0.946315 0.262740
vt 0.914560 0.263882
vt 0.937390 0.293087
vt 0.916380 0.303634
vt 0.894352 0.292261
vt 0.919585 0.416690
vt 0.910995 0.475956
vt 0.907350 0.416445
vt 0.932162 0.417111
vt 0.921024 0.475621
vt 0.930967 0.475944
vt 0.921679 0.523969
vt 0.908487 0.528665
vt 0.527202 0.684534
vt 0.511153 0.684542
vt 0.543471 0.685768
vt 0.535055 0.743203
vt 0.522542 0.742468
vt 0.510243 0.742129
vt 0.901859 0.358624
vt 0.934542 0.359535
vt 0.918033 0.359847
vt 0.678530 0.317359
vt 0.675903 0.332145
vt 0.681367 0.303160
vt 0.736151 0.325176
vt 0.734040 0.335395
vt 0.732543 0.346650
vt 0.514371 0.850223
vt 0.505440 0.874272
vt 0.505726 0.849197
vt 0.527484 0.855717
vt 0.513776 0.874821
vt 0.527286 0.876486
vt 0.519891 0.883940
vt 0.511763 0.883828
vt 0.791940 0.349765
vt 0.791609 0.358835
vt 0.793636 0.341708
vt 0.837713 0.358373
vt 0.843359 0.367963
vt 0.361899 0.269322
vt 0.306595 0.244968
vt 0.363856 0.261548
vt 0.365367 0.253663
vt 0.411074 0.268694
vt 0.409367 0.275234
vt 0.508078 0.801453
vt 0.528013 0.802926
vt 0.517776 0.802058
vt 0.524809 0.276578
vt 0.520241 0.297221
vt 0.530924 0.250929
vt 0.912417 0.201243
vt 0.878018 0.202065
vt 0.946815 0.200421
vt 0.947265 0.227420
vt 0.523702 0.524449
vt 0.527991 0.500579
vt 0.541625 0.525643
vt 0.559489 0.503770
vt 0.559927 0.527769
vt 0.559602 0.555301
vt 0.085730 0.259007
vt 0.088085 0.234074
vt 0.089833 0.215346
vt 0.116827 0.222858
vt 0.622777 0.571714
vt 0.630724 0.624679
vt 0.624040 0.624840
vt 0.637711 0.571617
vt 0.630349 0.571555
vt 0.637227 0.624760
vt 0.631017 0.671421
vt 0.624780 0.671720
vt 0.630087 0.507570
vt 0.620171 0.531896
vt 0.614003 0.500579
vt 0.639834 0.531788
vt 0.630137 0.532250
vt 0.066081 0.168818
vt 0.046926 0.165260
vt 0.056376 0.166758
vt 0.056480 0.129784
vt 0.064778 0.128258
vt 0.071965 0.129588
vt 0.463191 0.330569
vt 0.482303 0.334525
vt 0.472568 0.332379
vt 0.467147 0.371670
vt 0.459837 0.367801
vt 0.957775 0.482218
vt 0.950263 0.505550
vt 0.951703 0.481656
vt 0.960830 0.506367
vt 0.955414 0.506426
vt 0.958837 0.512070
vt 0.954861 0.512844
vt 0.951191 0.511546
vt 0.966723 0.388380
vt 0.955750 0.433896
vt 0.959304 0.377383
vt 0.969055 0.435127
vt 0.962283 0.435143
vt 0.963992 0.482738
vt 0.453593 0.423753
vt 0.474285 0.373472
vt 0.459928 0.424278
vt 0.459195 0.471448
vt 0.453415 0.470820
vt 0.447647 0.470905
vt 0.076273 0.076137
vt 0.082485 0.077589
vt 0.070025 0.074911
vt 0.086544 0.029858
vt 0.092012 0.031703
vt 0.391446 0.515715
vt 0.388880 0.511387
vt 0.392451 0.511960
vt 0.385338 0.514720
vt 0.388326 0.515947
vt 0.386343 0.507092
vt 0.389454 0.506849
vt 0.392451 0.508087
vt 0.450083 0.493499
vt 0.445449 0.494511
vt 0.454870 0.493034
vt 0.452615 0.498364
vt 0.449203 0.499909
vt 0.446098 0.500579
vt 0.095731 0.009883
vt 0.080983 0.028238
vt 0.091685 0.007410
vt 0.087396 0.005250
vt 0.093004 0.001545
vt 0.095462 0.004327
vt 0.631027 0.693313
vt 0.625700 0.693850
vt 0.637122 0.671681
vt 0.634830 0.699404
vt 0.630963 0.699444
vt 0.627137 0.699328
vt 0.332334 0.559338
vt 0.326072 0.547241
vt 0.331717 0.544015
vt 0.319982 0.560449
vt 0.326450 0.562796
vt 0.319870 0.545026
vt 0.325303 0.529456
vt 0.329941 0.530216
vt 0.920851 0.548617
vt 0.907386 0.549200
vt 0.929385 0.548938
vt 0.922523 0.558070
vt 0.914261 0.557313
vt 0.905117 0.555775
vt 0.529178 0.883197
vt 0.544887 0.879552
vt 0.543217 0.885501
vt 0.543824 0.872344
vt 0.555730 0.876411
vt 0.559927 0.881272
vt 0.559001 0.886826
vt 0.434085 0.279160
vt 0.412409 0.262059
vt 0.435675 0.273087
vt 0.436911 0.266926
vt 0.444253 0.275378
vt 0.442645 0.281383
vt 0.316885 0.513218
vt 0.324325 0.515154
vt 0.318347 0.521165
vt 0.330261 0.512428
vt 0.323379 0.506849
vt 0.330650 0.520297
vt 0.320566 0.530955
vt 0.359713 0.521251
vt 0.352979 0.524175
vt 0.354477 0.519370
vt 0.366087 0.524159
vt 0.359663 0.529562
vt 0.379632 0.507091
vt 0.385078 0.512493
vt 0.379440 0.512669
vt 0.379705 0.520061
vt 0.385329 0.520154
vt 0.316165 0.552546
vt 0.535267 0.887723
vt 0.550798 0.889172
vt 0.316165 0.536915
vt 0.891491 0.544314
vt 0.889926 0.551062
vt 0.875562 0.557789
vt 0.875040 0.552170
vt 0.879508 0.547800
vt 0.856095 0.359634
vt 0.858257 0.366583
vt 0.845042 0.351968
vt 0.359872 0.506849
vt 0.364777 0.519383
vt 0.352979 0.507016
vt 0.898839 0.560110
vt 0.891165 0.557139
vt 0.334572 0.550970
vt 0.333831 0.535539
vt 0.883471 0.560825
vt 0.916592 0.114127
vt 0.939669 0.112053
vt 0.943047 0.113465
vt 0.890137 0.114790
vt 0.915265 0.112665
vt 0.893584 0.107244
vt 0.914430 0.106722
vt 0.935275 0.106200
vt 0.027639 0.201014
vt 0.011480 0.245808
vt 0.016696 0.219485
vt 0.001750 0.244091
vt 0.013996 0.221596
vt 0.951245 0.277948
vt 0.959575 0.295216
vt 0.959800 0.300191
vt 0.973667 0.308454
vt 0.987389 0.302689
vt 0.972737 0.303662
vt 0.944937 0.125030
vt 0.917098 0.115848
vt 0.944487 0.115162
vt 0.889708 0.116534
vt 0.931151 0.093456
vt 0.898427 0.094709
vt 0.915003 0.093933
vt 0.899186 0.081522
vt 0.915758 0.077918
vt 0.928138 0.077335
vt 0.970567 0.293562
vt 0.983510 0.290263
vt 0.111916 0.622389
vt 0.121103 0.613287
vt 0.124471 0.623741
vt 0.137018 0.621427
vt 0.132565 0.611550
vt 0.951678 0.275185
vt 0.958745 0.285706
vt 0.947265 0.248961
vt 0.952759 0.269521
vt 0.035224 0.619949
vt 0.049177 0.619297
vt 0.054431 0.627807
vt 0.060443 0.623260
vt 0.069050 0.633606
vt 1.000000 0.252806
vt 0.992670 0.274838
vt 0.999184 0.252570
vt 0.979920 0.281270
vt 0.988981 0.269420
vt 0.160606 0.539038
vt 0.160621 0.520108
vt 0.166452 0.538525
vt 0.191768 0.537330
vt 0.199303 0.523794
vt 0.200493 0.538589
vt 0.310087 0.548216
vt 0.302963 0.558469
vt 0.300821 0.547935
vt 0.293924 0.556347
vt 0.290591 0.547722
vt 0.298479 0.533316
vt 0.288297 0.533316
vt 0.119246 0.596688
vt 0.128771 0.595484
vt 0.110617 0.612525
vt 0.111052 0.596379
vt 0.118647 0.577991
vt 0.129239 0.575798
vt 0.057020 0.606938
vt 0.034954 0.613901
vt 0.047145 0.604422
vt 0.034723 0.600980
vt 0.047143 0.586969
vt 0.056898 0.588595
vt 0.175008 0.521492
vt 0.178654 0.537595
vt 0.172511 0.509845
vt 0.192203 0.509637
vt 0.189881 0.522070
vt 0.971204 0.340068
vt 0.962674 0.339274
vt 0.980230 0.326336
vt 0.976170 0.355104
vt 0.969593 0.357685
vt 0.963595 0.353932
vt 0.957623 0.340057
vt 0.961642 0.359745
vt 0.958786 0.339115
vt 0.976150 0.378952
vt 0.968640 0.368030
vt 0.977037 0.361179
vt 0.459415 0.310414
vt 0.984678 0.342565
vt 0.983590 0.341424
vt 0.979733 0.340863
vt 0.117268 0.543654
vt 0.126364 0.523740
vt 0.127248 0.543199
vt 0.111348 0.543627
vt 0.116362 0.523360
vt 0.111175 0.510058
vt 0.115971 0.506849
vt 0.126026 0.507500
vt 0.916225 0.061732
vt 0.926688 0.061459
vt 0.904281 0.061678
vt 0.904406 0.044589
vt 0.915982 0.044191
vt 0.926126 0.043921
vt 0.118077 0.561211
vt 0.128063 0.559846
vt 0.112014 0.578031
vt 0.112071 0.561280
vt 0.057150 0.571843
vt 0.034575 0.584735
vt 0.047332 0.570566
vt 0.034528 0.568806
vt 0.047590 0.552949
vt 0.057571 0.554176
vt 0.261547 0.547946
vt 0.252121 0.532053
vt 0.263343 0.532143
vt 0.250504 0.558459
vt 0.250952 0.547194
vt 0.059310 0.517582
vt 0.048335 0.516160
vt 0.048897 0.509550
vt 0.034387 0.513790
vt 0.033924 0.506849
vt 0.058009 0.534135
vt 0.034543 0.551257
vt 0.048031 0.532551
vt 0.034549 0.530734
vt 0.056689 0.520527
vt 0.260528 0.559952
vt 0.274974 0.548658
vt 0.273608 0.560350
vt 0.276953 0.532766
vt 0.286104 0.549307
vt 0.282900 0.558630
vt 0.925267 0.023420
vt 0.903964 0.024222
vt 0.915453 0.022979
vt 0.903491 0.001569
vt 0.914628 0.000000
vt 0.922024 0.006610
vt 0.201700 0.533473
vt 0.209496 0.519259
vt 0.210929 0.534166
vt 0.200493 0.518895
vt 0.207824 0.507946
vt 0.220376 0.507197
vt 0.221602 0.519034
vt 0.223000 0.534192
vt 0.235820 0.518560
vt 0.237185 0.533984
vt 0.235232 0.506849
vt 0.245996 0.508182
vt 0.248715 0.517654
vt 0.250504 0.533133
vt 0.890769 0.060040
vt 0.890440 0.045203
vt 0.891007 0.073306
vt 0.880762 0.066917
vt 0.875974 0.057979
vt 0.875040 0.045946
vt 0.890302 0.007847
vt 0.890163 0.027358
vt 0.875387 0.031712
vt 0.879671 0.018094
vt 0.141837 0.566285
vt 0.141103 0.556898
vt 0.140443 0.542495
vt 0.152210 0.554302
vt 0.150541 0.561571
vt 0.139582 0.525309
vt 0.139099 0.511299
vt 0.148333 0.516246
vt 0.150876 0.526890
vt 0.152024 0.541728
vt 0.462853 0.214133
vt 0.470626 0.214304
vt 0.460242 0.215761
vt 0.999977 0.226682
vt 0.993062 0.209983
vt 0.994936 0.206471
vt 0.474300 0.196420
vt 0.481694 0.188233
vt 0.032666 0.278673
vt 0.049122 0.309916
vt 0.055863 0.281812
vt 0.015034 0.305635
vt 0.014638 0.275611
vt 0.967298 0.196367
vt 0.982988 0.193918
vt 0.982706 0.196941
vt 0.972729 0.187057
vt 0.983510 0.186078
vt 0.994032 0.188304
vt 0.997526 0.198204
vt 0.597801 0.221578
vt 0.560122 0.232325
vt 0.562543 0.216667
vt 0.638655 0.241658
vt 0.595223 0.237508
vt 0.590640 0.261872
vt 0.515022 0.195740
vt 0.488575 0.217113
vt 0.496452 0.190837
vt 0.511331 0.221572
vt 0.237352 0.308904
vt 0.185574 0.304506
vt 0.291567 0.330721
vt 0.235540 0.322098
vt 0.290168 0.340155
vt 0.232014 0.335877
vt 0.181732 0.321837
vt 0.142757 0.293582
vt 0.106747 0.287183
vt 0.138142 0.311474
vt 0.102317 0.305137
vt 0.486546 0.551685
vt 0.470787 0.588634
vt 0.466767 0.553035
vt 0.491186 0.587762
vt 0.475656 0.632666
vt 0.455878 0.634544
vt 0.449533 0.590817
vt 0.446071 0.555418
vt 0.581742 0.685396
vt 0.576331 0.625564
vt 0.588371 0.626019
vt 0.568895 0.732789
vt 0.571889 0.684494
vt 0.561830 0.684416
vt 0.563604 0.625479
vt 0.494686 0.632330
vt 0.480934 0.684675
vt 0.498647 0.742047
vt 0.496702 0.684311
vt 0.473947 0.743501
vt 0.464520 0.686026
vt 0.597007 0.568267
vt 0.585988 0.512103
vt 0.608507 0.501800
vt 0.581028 0.568576
vt 0.564369 0.567597
vt 0.565491 0.500579
vt 0.641976 0.226049
vt 0.691925 0.243398
vt 0.694243 0.230874
vt 0.750059 0.246946
vt 0.748214 0.258565
vt 0.689303 0.259340
vt 0.505440 0.874275
vt 0.496331 0.850421
vt 0.504807 0.849193
vt 0.499239 0.883910
vt 0.497265 0.875021
vt 0.491264 0.884216
vt 0.483822 0.876888
vt 0.483254 0.856065
vt 0.752296 0.237581
vt 0.809286 0.253988
vt 0.811907 0.246756
vt 0.855505 0.260131
vt 0.807852 0.263210
vt 0.348135 0.347372
vt 0.394703 0.358383
vt 0.347407 0.354820
vt 0.394148 0.364669
vt 0.346057 0.363154
vt 0.287949 0.350695
vt 0.501757 0.801439
vt 0.486573 0.742674
vt 0.492242 0.802273
vt 0.481925 0.803220
vt 0.533770 0.227099
vt 0.536037 0.210004
vt 0.481625 0.524136
vt 0.445449 0.527929
vt 0.464012 0.525734
vt 0.446017 0.504185
vt 0.462542 0.506668
vt 0.477463 0.500579
vt 0.079323 0.283759
vt 0.074344 0.303170
vt 0.668524 0.571714
vt 0.660577 0.624679
vt 0.660952 0.571555
vt 0.667261 0.624840
vt 0.660284 0.671421
vt 0.654074 0.624760
vt 0.653590 0.571617
vt 0.671130 0.531895
vt 0.661214 0.507570
vt 0.677298 0.500579
vt 0.661164 0.532250
vt 0.651467 0.531788
vt 0.645650 0.500579
vt 0.035959 0.339625
vt 0.030084 0.307494
vt 0.020889 0.377124
vt 0.026221 0.337745
vt 0.013566 0.373117
vt 0.016827 0.335933
vt 0.493881 0.161111
vt 0.503463 0.126913
vt 0.503311 0.162627
vt 0.511787 0.125182
vt 0.512967 0.165209
vt 0.989422 0.006275
vt 0.993290 0.029395
vt 0.987161 0.029561
vt 0.991241 0.000901
vt 0.994682 0.005742
vt 0.998889 0.001408
vt 1.000000 0.006946
vt 0.999477 0.030299
vt 0.983762 0.076738
vt 0.987594 0.122271
vt 0.978532 0.132228
vt 0.990454 0.075964
vt 0.997102 0.077518
vt 0.995424 0.133212
vt 0.517079 0.073205
vt 0.533484 0.028703
vt 0.523343 0.074117
vt 0.538990 0.030846
vt 0.529531 0.075912
vt 0.518935 0.126930
vt 0.028030 0.378714
vt 0.013852 0.430087
vt 0.013393 0.477498
vt 0.020129 0.431168
vt 0.007678 0.477058
vt 0.007506 0.429414
vt 0.399466 0.507943
vt 0.396000 0.511356
vt 0.396574 0.506849
vt 0.398512 0.515580
vt 0.399492 0.511828
vt 0.392451 0.514884
vt 0.392451 0.510962
vt 0.393405 0.507247
vt 0.527968 0.027399
vt 0.538224 0.006815
vt 0.534110 0.004951
vt 0.539483 0.001416
vt 0.542106 0.004227
vt 0.542440 0.009500
vt 0.009412 0.499345
vt 0.007227 0.504653
vt 0.004811 0.500014
vt 0.003986 0.506311
vt 0.000000 0.500814
vt 0.001846 0.476972
vt 0.666521 0.671720
vt 0.660274 0.693313
vt 0.664163 0.699328
vt 0.665601 0.693850
vt 0.656470 0.699404
vt 0.654978 0.693892
vt 0.654179 0.671681
vt 0.336810 0.559338
vt 0.343072 0.547241
vt 0.342694 0.562796
vt 0.337427 0.544015
vt 0.343841 0.529456
vt 0.349274 0.545026
vt 0.349162 0.560449
vt 0.581748 0.738167
vt 0.568570 0.757438
vt 0.581990 0.758660
vt 0.574762 0.766423
vt 0.566371 0.766853
vt 0.559927 0.757419
vt 0.559927 0.732289
vt 0.482016 0.883622
vt 0.466253 0.880177
vt 0.452098 0.887554
vt 0.467993 0.886100
vt 0.455190 0.877073
vt 0.467108 0.872890
vt 0.419220 0.363448
vt 0.427390 0.370999
vt 0.418710 0.369286
vt 0.417707 0.375819
vt 0.393073 0.371704
vt 0.352259 0.513218
vt 0.344819 0.515154
vt 0.345765 0.506849
vt 0.350797 0.521165
vt 0.338494 0.520297
vt 0.338883 0.512428
vt 0.379169 0.524050
vt 0.373574 0.521565
vt 0.378324 0.519312
vt 0.451109 0.882018
vt 0.445836 0.887673
vt 0.445449 0.882058
vt 0.399554 0.514417
vt 0.405173 0.507401
vt 0.405173 0.514726
vt 0.366365 0.525007
vt 0.368265 0.520091
vt 0.352979 0.552546
vt 0.348578 0.530955
vt 0.352979 0.536915
vt 0.460286 0.889767
vt 0.475917 0.888186
vt 0.597927 0.754639
vt 0.609669 0.758728
vt 0.599312 0.761366
vt 0.613256 0.768818
vt 0.597828 0.767351
vt 0.583974 0.765317
vt 0.466580 0.869699
vt 0.478268 0.849588
vt 0.373342 0.507156
vt 0.379440 0.506849
vt 0.366365 0.507999
vt 0.874007 0.260732
vt 0.859937 0.269725
vt 0.590024 0.769953
vt 0.605224 0.771468
vt 0.335313 0.535539
vt 0.339203 0.530216
vt 0.334572 0.550970
vt 0.010947 0.295660
vt 0.966327 0.209128
vt 0.955494 0.223767
vt 0.967278 0.204836
vt 0.005390 0.270391
vt 0.007212 0.273263
vt 0.982227 0.199312
vt 0.980604 0.203356
vt 0.976990 0.211672
vt 0.084649 0.621879
vt 0.100369 0.613603
vt 0.097354 0.624353
vt 0.109648 0.622820
vt 0.964119 0.217197
vt 0.955533 0.226025
vt 0.008714 0.623260
vt 0.015544 0.627807
vt 0.000000 0.633606
vt 0.020593 0.619297
vt 0.955785 0.230938
vt 0.996066 0.231531
vt 0.998703 0.228214
vt 0.160621 0.555046
vt 0.152210 0.559814
vt 0.076487 0.615822
vt 0.088818 0.611765
vt 0.989306 0.216354
vt 0.199303 0.552632
vt 0.189881 0.551463
vt 0.290591 0.518909
vt 0.300821 0.518696
vt 0.293924 0.510285
vt 0.302963 0.508163
vt 0.310087 0.518415
vt 0.316165 0.506849
vt 0.102083 0.596863
vt 0.092487 0.595577
vt 0.102684 0.578134
vt 0.110067 0.596404
vt 0.110617 0.612675
vt 0.012015 0.606938
vt 0.011949 0.588595
vt 0.022298 0.604422
vt 0.022012 0.586969
vt 0.175008 0.552078
vt 0.192203 0.561846
vt 0.172510 0.561438
vt 0.156215 0.565619
vt 0.975981 0.182591
vt 0.984606 0.169185
vt 0.979200 0.154961
vt 0.976054 0.168687
vt 0.991809 0.155696
vt 0.993158 0.169684
vt 0.991433 0.183492
vt 0.013133 0.355405
vt 0.972178 0.168364
vt 0.978156 0.149190
vt 0.012985 0.315436
vt 0.986343 0.142311
vt 0.993593 0.150089
vt 0.985702 0.152292
vt 0.483118 0.179531
vt 0.997049 0.169815
vt 0.998236 0.169694
vt 0.095138 0.523896
vt 0.104131 0.543788
vt 0.094222 0.543365
vt 0.095344 0.507520
vt 0.105072 0.523486
vt 0.110023 0.509982
vt 0.110617 0.523582
vt 0.109850 0.543614
vt 0.092051 0.575878
vt 0.103285 0.561347
vt 0.093361 0.560005
vt 0.109092 0.561272
vt 0.109122 0.578033
vt 0.011633 0.571843
vt 0.011248 0.554176
vt 0.021723 0.570566
vt 0.021496 0.552949
vt 0.261547 0.516976
vt 0.019114 0.509550
vt 0.020492 0.516160
vt 0.008786 0.517582
vt 0.250504 0.508176
vt 0.260528 0.506849
vt 0.010839 0.534135
vt 0.012036 0.520527
vt 0.021072 0.532551
vt 0.274974 0.517437
vt 0.282900 0.510188
vt 0.273608 0.507338
vt 0.286104 0.518868
vt 0.209496 0.548297
vt 0.200493 0.547314
vt 0.221602 0.548565
vt 0.220376 0.558422
vt 0.207824 0.557710
vt 0.200668 0.555267
vt 0.235820 0.548630
vt 0.248715 0.547885
vt 0.245996 0.556293
vt 0.235232 0.558426
vt 0.079409 0.566281
vt 0.070626 0.561473
vt 0.080316 0.557017
vt 0.069050 0.554260
vt 0.081028 0.542629
vt 0.081914 0.525433
vt 0.070447 0.526851
vt 0.072933 0.516146
vt 0.082263 0.511289
vt 0.930563 0.523828
vt 0.543301 0.506286
vt 0.645651 0.500579
vt 0.466211 0.425542
vt 0.385329 0.510836
vt 0.090108 -0.000000
vt 0.636323 0.693892
vt 0.445449 0.269286
vt 0.385329 0.506849
vt 0.859518 0.353370
vt 0.366365 0.507172
vt 0.890862 0.113276
vt 0.000000 0.243873
vt 0.950539 0.249024
vt 0.152210 0.516672
vt 0.316165 0.559783
vt 0.156215 0.506849
vt 0.459741 0.329497
vt 0.110617 0.523602
vt 0.288297 0.533876
vt 0.200668 0.509837
vt 0.863925 0.254403
vt 0.995084 0.000000
vt 0.395369 0.515941
vt 0.536755 0.000000
vt 0.000722 0.506849
vt 0.660338 0.699444
vt 0.427859 0.365225
vt 0.426371 0.377462
vt 0.373126 0.529913
vt 0.399492 0.506849
vt 0.614003 0.763255
vt 0.875040 0.267662
vt 0.080527 0.607530
vt 0.013363 0.334786
vt 0.490207 0.161277
vt 0.105345 0.506849
vt 0.250952 0.517553
vt 0.069277 0.541697
s 1
usemtl Material.003
f 1/1/1 398/2/2 225/3/3
f 142/4/4 224/5/5 398/2/6
f 398/6/7 50/7/8 223/8/9
f 225/3/10 223/9/11 49/10/12
f 23/11/13 399/12/14 175/13/15
f 170/14/16 138/15/17 399/12/18
f 399/12/19 7/16/20 135/17/21
f 399/12/22 22/18/23 175/13/24
f 7/19/25 400/20/26 249/21/27
f 5/22/28 400/20/29 141/23/30
f 248/24/31 244/25/32 400/20/33
f 249/21/34 244/25/35 59/26/36
f 133/27/37 149/28/38 6/29/39
f 2/30/40 401/31/41 133/27/42
f 401/31/43 11/32/44 145/33/45
f 149/28/46 145/33/47 9/34/48
f 168/35/49 173/36/49 21/37/49
f 1/38/49 402/39/49 168/35/49
f 139/40/49 170/41/49 402/39/49
f 402/39/49 23/42/49 173/36/49
f 24/43/50 403/44/51 172/45/52
f 5/46/53 403/44/54 171/47/55
f 142/4/56 168/48/57 403/44/58
f 172/45/59 168/48/60 21/49/61
f 146/50/62 157/51/63 12/52/64
f 10/53/65 404/54/66 146/50/67
f 156/55/68 154/56/69 404/54/66
f 404/54/70 16/57/71 157/51/72
f 4/58/73 405/59/74 151/60/75
f 140/61/76 150/62/77 405/59/78
f 150/62/79 146/50/80 405/59/81
f 405/59/82 12/52/83 151/60/84
f 8/63/85 406/64/86 150/65/87
f 132/66/88 149/67/89 406/64/90
f 406/64/91 9/68/92 144/69/93
f 150/65/94 144/69/95 10/70/96
f 143/71/49 148/72/49 2/73/49
f 143/71/49 151/74/49 407/75/49
f 407/75/49 12/76/49 147/77/49
f 407/75/49 11/78/49 148/72/49
f 155/79/97 165/80/98 15/81/99
f 16/82/100 408/83/101 155/79/102
f 164/84/103 163/85/104 408/83/105
f 165/80/106 163/85/107 19/86/108
f 10/70/109 409/87/110 156/88/111
f 144/69/112 158/89/113 409/87/114
f 409/87/115 13/90/116 152/91/117
f 409/87/118 14/92/119 156/88/120
f 147/77/121 159/93/122 11/78/123
f 147/77/124 157/94/125 410/95/126
f 157/94/127 155/79/128 410/95/129
f 410/95/130 15/81/131 159/93/132
f 9/34/133 411/96/134 158/97/135
f 145/33/136 159/98/137 411/96/138
f 411/96/139 15/99/140 153/100/141
f 158/97/135 153/100/142 13/101/143
f 160/102/144 205/103/145 18/104/146
f 17/105/147 412/106/148 160/102/149
f 204/107/150 200/108/151 412/106/152
f 412/106/153 38/109/154 205/103/155
f 13/101/143 413/110/156 166/111/157
f 153/100/158 165/112/159 413/110/160
f 165/112/161 161/113/162 413/110/163
f 166/111/164 161/113/165 17/114/166
f 154/56/167 164/115/168 16/57/169
f 14/116/170 414/117/171 154/56/69
f 167/118/172 162/119/173 414/117/171
f 414/117/174 20/120/175 164/115/174
f 152/91/176 167/121/177 14/92/178
f 152/91/179 166/122/180 415/123/181
f 166/122/182 160/102/183 415/123/184
f 415/123/185 18/104/186 167/121/187
f 6/29/188 416/124/189 133/27/190
f 137/125/191 172/45/192 416/124/193
f 416/124/194 21/49/195 134/126/196
f 133/27/197 134/126/198 2/30/199
f 2/73/49 417/127/49 143/71/49
f 21/37/49 417/127/49 134/128/49
f 173/36/49 136/129/49 417/127/49
f 143/71/49 136/129/49 4/130/49
f 169/131/200 132/66/201 8/63/202
f 22/132/203 418/133/204 169/131/205
f 418/133/206 24/134/207 137/135/208
f 132/66/209 137/135/210 6/136/211
f 136/137/212 140/61/213 4/58/214
f 23/11/215 419/138/216 136/137/217
f 175/13/218 169/139/219 419/138/220
f 419/138/221 8/140/222 140/61/223
f 28/141/224 420/142/225 189/143/225
f 25/144/226 420/142/227 179/145/228
f 188/146/229 187/147/230 420/142/227
f 189/143/225 187/147/231 32/148/232
f 174/149/233 183/150/234 24/151/235
f 174/149/236 182/152/237 421/153/238
f 421/153/239 25/144/240 179/145/241
f 421/153/242 28/141/243 183/150/244
f 135/17/245 182/154/246 22/18/247
f 135/17/248 181/155/249 422/156/250
f 422/156/251 26/157/252 176/158/253
f 182/154/254 176/158/255 25/159/256
f 171/47/257 180/160/258 5/46/259
f 171/47/260 183/161/261 423/162/262
f 183/161/263 178/163/264 423/162/265
f 423/162/266 27/164/267 180/160/258
f 185/165/268 197/166/269 30/167/270
f 185/165/271 196/168/272 424/169/273
f 424/169/274 35/170/275 193/171/276
f 424/169/277 34/172/278 197/166/279
f 177/173/280 191/174/281 26/175/282
f 177/173/283 190/176/284 425/177/285
f 425/177/286 31/178/287 185/165/288
f 425/177/289 30/167/290 191/174/291
f 178/163/292 190/179/293 27/164/294
f 28/180/295 426/181/296 178/163/297
f 426/181/296 32/182/298 186/183/299
f 190/179/300 186/183/301 31/184/302
f 25/159/303 427/185/304 188/186/305
f 176/158/306 191/187/307 427/185/308
f 191/187/309 184/188/310 427/185/311
f 427/185/304 29/189/312 188/186/305
f 33/190/313 428/191/314 195/192/315
f 34/193/316 428/191/317 192/194/318
f 428/191/319 35/195/320 194/196/321
f 428/191/322 36/197/323 195/192/324
f 31/184/325 429/198/326 196/199/327
f 186/183/328 198/200/329 429/198/330
f 429/198/331 36/201/332 194/202/333
f 196/199/334 194/202/335 35/203/336
f 184/188/337 199/204/338 29/189/339
f 30/205/340 430/206/341 184/188/342
f 197/207/343 192/208/344 430/206/345
f 430/206/346 33/209/347 199/204/348
f 32/148/349 431/210/350 198/211/351
f 29/212/352 431/210/353 187/147/354
f 431/210/355 33/213/356 195/214/357
f 431/210/358 36/215/359 198/211/360
f 40/216/361 432/217/362 217/218/363
f 38/219/364 432/217/365 202/220/366
f 216/221/367 211/222/368 432/217/369
f 217/218/370 211/222/371 46/223/372
f 19/86/373 433/224/374 207/225/375
f 163/85/376 206/226/377 433/224/378
f 433/224/379 40/227/380 203/228/381
f 207/225/382 203/228/383 39/229/384
f 37/230/385 434/231/386 215/232/387
f 204/107/388 201/233/389 434/231/390
f 434/231/391 42/234/392 213/235/393
f 434/231/394 43/236/395 215/232/396
f 162/119/397 206/237/398 20/120/399
f 18/238/400 435/239/401 162/119/402
f 205/240/403 202/241/404 435/239/405
f 206/237/406 202/241/407 40/242/408
f 43/243/409 436/244/410 209/245/411
f 45/246/412 436/244/413 210/247/414
f 212/248/415 211/222/416 436/244/417
f 209/245/418 211/222/419 44/249/420
f 208/250/421 213/251/422 42/252/423
f 208/250/424 214/253/425 437/254/426
f 214/255/427 210/256/428 437/257/429
f 213/258/430 210/256/431 43/259/432
f 200/260/433 216/221/434 38/219/435
f 37/230/436 438/261/437 200/108/438
f 215/232/439 209/262/440 438/261/441
f 438/263/442 44/249/443 216/221/444
f 207/225/445 219/264/446 19/86/447
f 39/229/448 439/265/449 207/225/450
f 439/265/451 45/266/452 214/267/453
f 439/265/454 41/268/455 219/264/456
f 17/114/457 440/269/458 201/270/459
f 19/271/460 440/269/461 161/113/462
f 440/272/463 41/273/464 208/250/465
f 440/272/466 42/252/467 201/274/468
f 39/229/469 441/275/470 218/276/471
f 203/277/472 217/218/473 441/278/474
f 441/278/475 46/223/476 212/248/477
f 218/276/478 212/279/479 45/266/480
f 221/280/49 233/281/49 47/282/49
f 49/283/49 442/284/49 221/280/49
f 442/284/49 53/285/49 229/286/49
f 442/284/49 51/287/49 233/281/49
f 138/15/481 227/288/482 7/16/483
f 3/289/484 443/290/485 138/15/486
f 226/291/487 220/292/488 443/290/489
f 443/293/490 48/294/491 227/295/492
f 5/22/493 444/296/494 224/297/495
f 7/19/496 444/296/497 141/23/498
f 227/295/499 222/298/500 444/296/501
f 224/297/502 222/298/503 50/7/504
f 3/299/49 445/300/49 226/301/49
f 139/40/49 225/302/49 445/300/49
f 445/300/49 49/283/49 221/280/49
f 445/300/49 47/282/49 226/301/49
f 229/286/49 241/303/49 51/287/49
f 229/286/49 240/304/49 446/305/49
f 446/305/49 57/306/49 237/307/49
f 446/305/49 55/308/49 241/303/49
f 50/7/505 447/309/506 235/310/507
f 48/294/508 447/309/509 222/298/510
f 234/311/511 230/312/512 447/313/513
f 235/314/514 230/312/515 54/315/516
f 220/316/517 234/317/518 48/294/519
f 47/318/520 448/319/521 220/316/522
f 233/320/523 228/321/524 448/322/525
f 448/322/526 52/323/527 234/324/528
f 49/325/529 449/326/530 232/327/531
f 223/8/532 235/310/533 449/326/534
f 449/326/535 54/328/536 231/329/537
f 232/330/538 231/331/539 53/332/540
f 57/333/541 450/334/542 277/335/543
f 239/336/544 276/337/545 450/338/546
f 450/338/547 71/339/548 268/340/549
f 277/341/550 268/340/551 72/342/552
f 54/315/553 451/343/554 243/344/555
f 52/345/556 451/343/557 230/312/558
f 242/346/559 238/347/560 451/343/561
f 243/344/562 238/347/563 58/348/564
f 228/321/565 242/349/566 52/323/567
f 51/350/568 452/351/569 228/321/570
f 241/352/571 236/353/572 452/351/573
f 452/351/574 56/354/575 242/349/576
f 53/332/577 453/355/578 240/356/579
f 231/331/580 243/357/581 453/355/582
f 453/355/583 58/358/584 239/359/585
f 240/356/586 239/359/587 57/333/588
f 59/26/589 454/360/589 247/361/589
f 60/362/589 454/360/589 244/25/589
f 454/360/589 62/363/589 245/364/589
f 454/360/589 61/365/589 247/361/589
f 181/366/590 250/367/591 26/175/592
f 181/366/593 249/21/594 455/368/595
f 455/368/596 59/26/597 247/361/598
f 455/368/599 61/365/600 250/367/601
f 27/369/602 456/370/603 251/371/604
f 26/175/605 456/370/606 177/173/607
f 250/367/608 245/364/609 456/370/610
f 251/371/611 245/364/612 62/363/613
f 180/160/614 248/372/615 5/46/616
f 180/373/617 251/371/618 457/374/619
f 457/374/620 62/363/621 246/375/622
f 457/374/623 60/362/624 248/24/625
f 254/376/626 265/377/627 66/378/628
f 64/379/629 458/380/630 254/376/631
f 458/380/632 68/381/633 262/382/634
f 458/380/635 70/383/636 265/377/637
f 55/308/49 459/384/49 258/385/49
f 237/307/49 257/386/49 459/384/49
f 459/384/49 65/387/49 253/388/49
f 258/385/49 253/388/49 63/389/49
f 58/348/638 460/390/639 256/391/640
f 56/392/641 460/390/642 238/347/643
f 259/393/644 254/376/631 460/390/645
f 256/391/646 254/376/647 66/378/648
f 236/353/649 259/394/650 56/354/651
f 55/395/652 461/396/653 236/353/654
f 258/397/655 252/398/656 461/396/657
f 461/396/658 64/399/659 259/394/660
f 263/400/661 261/401/662 69/402/663
f 263/400/664 262/403/665 462/404/666
f 262/405/667 260/406/668 462/407/669
f 462/407/670 67/408/671 261/409/672
f 252/398/673 264/410/674 64/399/659
f 63/411/675 463/412/676 252/398/656
f 266/413/677 260/406/678 463/412/679
f 463/412/680 68/414/681 264/410/682
f 70/415/683 464/416/684 275/417/685
f 69/402/686 464/416/687 263/400/688
f 255/418/689 272/419/690 464/416/691
f 464/416/692 75/420/693 275/417/694
f 253/388/49 266/421/49 63/389/49
f 253/388/49 267/422/49 465/423/49
f 465/423/49 69/424/49 261/425/49
f 465/423/49 67/426/49 266/421/49
f 72/427/695 466/428/696 271/429/697
f 268/430/698 270/431/699 466/428/700
f 466/428/701 73/432/701 269/433/702
f 271/429/703 269/433/704 74/434/705
f 74/434/706 467/435/707 274/436/708
f 269/433/709 273/437/710 467/435/711
f 467/435/712 75/438/713 272/439/714
f 274/436/715 272/439/715 76/440/715
f 65/387/49 468/441/49 278/442/49
f 257/386/49 277/443/49 468/441/49
f 468/441/49 72/444/49 271/445/49
f 278/442/49 271/445/49 74/446/49
f 267/422/49 255/447/49 69/424/49
f 65/387/49 469/448/49 267/422/49
f 278/442/49 274/449/49 469/448/49
f 469/448/49 76/450/49 255/447/49
f 256/391/716 276/451/717 58/348/718
f 66/378/719 470/452/720 256/391/721
f 279/453/722 270/454/723 470/452/724
f 470/452/725 71/455/725 276/451/726
f 66/378/727 471/456/728 279/453/729
f 265/377/730 275/457/731 471/456/732
f 471/456/733 75/458/734 273/459/735
f 279/453/736 273/459/737 73/460/738
f 1/1/739 472/461/740 287/462/741
f 225/3/742 360/463/743 472/461/744
f 472/464/745 116/465/746 361/466/747
f 287/462/748 361/467/749 77/468/750
f 23/11/751 473/469/752 170/14/753
f 91/470/754 473/469/755 313/471/756
f 473/469/757 79/472/758 284/473/759
f 170/14/760 284/473/761 3/289/762
f 79/474/763 474/475/764 286/476/765
f 378/477/766 373/478/767 474/475/768
f 373/478/769 377/479/770 474/475/771
f 474/475/772 77/480/773 286/476/774
f 291/481/775 281/482/776 78/483/777
f 291/481/778 289/484/779 475/485/780
f 475/485/781 11/32/782 148/486/783
f 475/485/784 2/30/785 281/482/786
f 92/487/787 476/488/788 310/489/789
f 311/490/790 168/48/791 476/488/792
f 168/48/793 287/462/794 476/488/795
f 476/488/796 77/468/797 310/489/798
f 298/491/799 290/492/800 12/52/801
f 86/493/802 477/494/803 298/491/804
f 295/495/805 297/496/806 477/494/807
f 477/494/807 82/497/808 290/492/809
f 4/58/810 478/498/811 285/499/812
f 12/52/813 478/498/814 151/60/815
f 290/492/816 292/500/817 478/498/818
f 285/499/819 292/500/820 80/501/821
f 80/502/822 479/503/823 280/504/824
f 292/505/825 288/506/826 479/503/827
f 479/503/828 81/507/829 291/508/830
f 280/504/831 291/508/832 78/509/833
f 306/510/834 296/511/835 85/512/836
f 306/510/837 304/513/838 480/514/839
f 304/513/840 305/515/841 480/514/842
f 480/514/843 86/516/844 296/511/845
f 82/517/846 481/518/847 288/506/848
f 84/519/849 481/518/850 297/520/851
f 481/518/852 83/521/853 299/522/854
f 288/506/855 299/522/856 81/507/857
f 300/523/858 147/524/859 11/525/860
f 85/512/861 482/526/862 300/523/863
f 296/511/864 298/527/865 482/526/866
f 147/524/867 298/527/868 12/528/869
f 81/529/870 483/530/871 289/484/872
f 299/531/873 294/532/874 483/530/871
f 483/530/875 85/533/876 300/534/877
f 289/484/878 300/534/879 11/32/880
f 343/535/881 301/536/882 88/537/883
f 106/538/884 484/539/885 343/535/886
f 338/540/887 342/541/888 484/539/889
f 484/539/890 87/542/891 301/536/892
f 83/543/893 485/544/894 294/532/874
f 307/545/895 302/546/896 485/544/897
f 302/546/898 306/547/899 485/544/900
f 294/532/901 306/547/902 85/533/903
f 305/548/904 295/495/905 86/493/906
f 90/549/907 486/550/908 305/548/908
f 303/551/909 308/552/910 486/550/911
f 486/550/911 84/553/912 295/495/805
f 308/554/913 293/555/914 84/519/915
f 88/537/916 487/556/917 308/554/918
f 301/536/919 307/557/920 487/556/921
f 293/555/922 307/557/923 83/521/924
f 78/483/925 488/558/926 283/559/927
f 281/482/928 134/126/929 488/558/930
f 488/558/931 21/49/932 311/490/933
f 283/559/934 311/490/935 92/487/936
f 280/504/937 309/560/938 80/502/939
f 280/504/940 283/561/941 489/562/942
f 489/562/943 92/563/944 312/564/945
f 489/562/946 91/565/947 309/560/948
f 285/499/949 136/137/950 4/58/951
f 80/501/952 490/566/953 285/499/954
f 309/567/955 313/471/956 490/566/957
f 490/566/958 23/11/959 136/137/960
f 96/568/961 491/569/962 317/570/961
f 327/571/962 325/572/963 491/569/962
f 325/572/964 326/573/965 491/569/966
f 491/569/966 93/574/967 317/570/968
f 321/575/969 312/576/970 92/577/971
f 96/568/972 492/578/973 321/575/974
f 492/578/975 93/574/976 320/579/977
f 312/576/978 320/579/979 91/580/980
f 320/581/981 282/582/982 91/470/983
f 320/581/984 314/583/985 493/584/986
f 493/584/987 94/585/988 319/586/989
f 282/582/990 319/586/991 79/472/992
f 318/587/993 310/489/994 77/468/995
f 95/588/996 494/589/997 318/587/993
f 316/590/998 321/591/999 494/589/1000
f 310/489/1001 321/591/1002 92/487/1003
f 335/592/1004 323/593/1005 98/594/1006
f 102/595/1007 495/596/1008 335/592/1009
f 495/596/1010 103/597/1011 334/598/1012
f 323/593/1013 334/598/1014 99/599/1015
f 329/600/1016 315/601/1017 94/602/1018
f 98/594/1019 496/603/1020 329/600/1021
f 496/603/1022 99/599/1023 328/604/1024
f 315/601/1025 328/604/1026 95/605/1027
f 328/606/1028 316/590/1029 95/588/1030
f 328/606/1031 324/607/1032 497/608/1033
f 497/608/1034 100/609/1035 327/610/1036
f 497/608/1034 96/611/1037 316/590/1038
f 93/612/1039 498/613/1040 314/583/1041
f 97/614/1042 498/613/1040 326/615/1043
f 322/616/1044 329/617/1045 498/613/1046
f 314/583/1047 329/617/1048 94/585/1049
f 101/618/1050 499/619/1051 330/620/1052
f 104/621/1053 499/619/1054 333/622/1055
f 499/619/1056 103/623/1057 331/624/1058
f 499/619/1059 102/625/1060 330/620/1061
f 99/626/1062 500/627/1063 324/607/1064
f 334/628/1065 332/629/1066 500/627/1067
f 500/627/1068 104/630/1069 336/631/1070
f 324/607/1071 336/631/1072 100/609/1073
f 337/632/1074 322/616/1075 97/614/1076
f 101/633/1077 501/634/1078 337/632/1079
f 330/635/1080 335/636/1081 501/634/1082
f 501/634/1083 98/637/1084 322/616/1085
f 100/638/1086 502/639/1087 325/572/1088
f 104/640/1089 502/639/1090 336/641/1091
f 502/639/1092 101/642/1093 337/643/1094
f 502/639/1095 97/644/1096 325/572/1097
f 108/645/1098 503/646/1099 340/647/1100
f 355/648/1101 349/649/1102 503/646/1103
f 349/649/1104 354/650/1105 503/646/1106
f 503/646/1107 106/651/1108 340/647/1109
f 89/652/1110 504/653/1111 304/513/1112
f 345/654/1113 341/655/1114 504/653/1115
f 504/653/1116 108/656/1117 344/657/1118
f 304/513/1119 344/657/1120 90/658/1121
f 105/659/1122 505/660/1123 342/541/1124
f 111/661/1125 505/660/1126 353/662/1127
f 505/660/1128 110/663/1129 339/664/1130
f 342/541/1131 339/664/1132 87/542/1133
f 344/665/1134 303/551/1135 90/549/1136
f 344/665/1137 340/666/1138 506/667/1139
f 340/666/1140 343/668/1141 506/667/1142
f 506/667/1143 88/669/1144 303/551/1145
f 111/670/1146 507/671/1147 348/672/1148
f 347/673/1149 349/649/1150 507/671/1151
f 349/649/1152 350/674/1153 507/671/1154
f 507/671/1155 113/675/1156 348/672/1157
f 351/676/1158 346/677/1159 110/678/1160
f 351/679/1161 348/680/1162 508/681/1163
f 348/682/1164 352/683/1165 508/684/1166
f 346/677/1167 352/685/1168 109/686/1169
f 354/650/1170 338/687/1171 106/651/1172
f 112/688/1173 509/689/1174 354/650/1175
f 347/690/1176 353/662/1177 509/691/1178
f 509/691/1179 105/659/1180 338/540/1181
f 357/692/1182 345/654/1183 89/652/1184
f 109/693/1185 510/694/1186 357/692/1187
f 510/694/1188 113/695/1189 356/696/1190
f 510/694/1191 107/697/1192 345/654/1193
f 87/542/1194 511/698/1195 302/699/1196
f 110/678/1197 511/700/1198 339/701/1199
f 511/700/1200 109/686/1201 357/702/1202
f 511/703/1203 89/704/1204 302/546/1205
f 107/697/1206 512/705/1207 341/655/1208
f 356/696/1209 350/706/1210 512/705/1211
f 512/707/1212 114/708/1213 355/648/1214
f 341/709/1215 355/648/1216 108/645/1217
f 362/710/1218 284/473/1219 79/472/1220
f 115/711/1221 513/712/1222 362/713/1223
f 358/714/1224 226/291/1225 513/715/1226
f 513/715/1227 3/289/1228 284/473/1229
f 77/480/1230 514/716/1231 286/476/1232
f 361/466/1233 359/717/1234 514/716/1235
f 359/717/1236 362/713/1237 514/716/1238
f 514/716/1239 79/474/1240 286/476/1241
f 116/465/1242 515/718/1243 359/717/1244
f 367/719/1245 364/720/1246 515/721/1247
f 364/720/1248 366/722/1249 515/721/1250
f 515/718/1251 115/711/1252 359/717/1253
f 366/723/1254 358/724/1255 115/711/1256
f 117/725/1257 516/726/1258 366/727/1259
f 363/728/1260 233/320/1261 516/726/1262
f 516/729/1263 47/318/1264 358/724/1265
f 49/325/1266 517/730/1267 360/731/1268
f 232/330/1269 365/732/1270 517/733/1271
f 517/734/1272 118/735/1273 367/719/1274
f 360/731/1275 367/736/1276 116/465/1277
f 57/333/1278 518/737/1279 370/738/1280
f 277/341/1281 390/739/1282 518/740/1283
f 518/740/1284 129/741/1285 396/742/1286
f 370/743/1287 396/742/1288 120/744/1289
f 118/735/1290 519/745/1291 364/720/1292
f 372/746/1293 369/747/1294 519/745/1295
f 369/747/1296 371/748/1297 519/745/1298
f 519/745/1299 117/749/1300 364/720/1301
f 371/750/1302 363/728/1303 117/725/1304
f 119/751/1305 520/752/1306 371/750/1307
f 368/753/1308 241/352/1309 520/752/1310
f 520/752/1311 51/350/1312 363/728/1313
f 53/332/1314 521/754/1315 365/732/1316
f 240/356/1317 370/738/1318 521/754/1319
f 521/754/1320 120/755/1321 372/756/1322
f 365/732/1323 372/756/1324 118/757/1325
f 121/758/1326 522/759/1326 373/478/1326
f 123/760/1326 522/759/1326 376/761/1326
f 522/759/1326 124/762/1326 375/763/1326
f 522/759/1326 122/764/1326 373/478/1326
f 379/765/1327 319/586/1328 94/585/1329
f 123/760/1330 523/766/1331 379/767/1332
f 523/766/1333 121/758/1334 378/477/1335
f 319/586/1336 378/768/1337 79/472/1338
f 95/605/1339 524/769/1340 315/601/1341
f 380/770/1342 374/771/1343 524/769/1344
f 374/771/1345 379/767/1346 524/769/1347
f 524/769/1348 94/602/1349 315/601/1350
f 377/772/1351 318/587/1352 77/468/1353
f 122/764/1354 525/773/1355 377/479/1356
f 525/773/1357 124/762/1358 380/770/1359
f 318/774/1360 380/770/1361 95/605/1362
f 389/775/1363 382/776/1364 126/777/1365
f 128/778/1366 526/779/1367 389/775/1368
f 526/779/1369 127/780/1370 388/781/1371
f 526/779/1372 125/782/1373 382/776/1374
f 120/783/1375 527/784/1376 369/747/1377
f 383/785/1378 382/776/1379 527/784/1380
f 382/776/1374 384/786/1381 527/784/1382
f 527/784/1383 119/787/1384 369/747/1385
f 384/788/1386 368/753/1387 119/751/1388
f 125/789/1389 528/790/1390 384/788/1391
f 381/791/1392 258/397/1393 528/790/1394
f 528/790/1395 55/395/1396 368/753/1397
f 261/401/1398 387/792/1399 69/402/1400
f 67/408/1401 529/793/1402 261/409/1403
f 385/794/1404 386/795/1405 529/793/1406
f 387/792/1407 386/796/1408 128/797/1409
f 388/798/1410 381/791/1411 125/789/1389
f 127/799/1412 530/800/1413 388/798/1414
f 385/794/1415 266/413/1416 530/800/1417
f 530/800/1418 63/411/1419 381/791/1392
f 128/797/1420 531/801/1421 387/792/1422
f 131/802/1423 531/801/1424 395/803/1425
f 393/804/1426 255/418/1427 531/801/1428
f 531/801/1429 69/402/1430 387/792/1431
f 72/427/1432 532/805/1433 390/806/1434
f 271/429/1435 391/807/1436 532/805/1437
f 532/805/1438 130/808/1438 392/809/1439
f 390/806/1440 392/809/1441 129/810/1442
f 74/434/1443 533/811/1444 391/807/1445
f 274/436/1446 393/812/1446 533/811/1447
f 533/811/1448 131/813/1449 394/814/1450
f 391/807/1451 394/814/1452 130/808/1453
f 396/815/1454 383/785/1455 120/783/1456
f 129/816/1457 534/817/1457 396/815/1458
f 392/818/1459 397/819/1460 534/817/1461
f 534/817/1462 126/777/1463 383/785/1464
f 126/777/1465 535/820/1466 389/775/1467
f 397/819/1468 394/821/1469 535/820/1470
f 535/820/1471 131/822/1472 395/823/1473
f 389/775/1474 395/823/1475 128/778/1476
f 1/1/1 142/4/1477 398/2/2
f 142/4/4 5/46/1478 224/5/5
f 398/6/7 224/297/1479 50/7/8
f 225/3/10 398/2/1480 223/9/11
f 23/11/13 170/14/1481 399/12/14
f 170/14/16 3/289/1482 138/15/17
f 399/12/19 138/15/1483 7/16/20
f 399/12/22 135/17/1484 22/18/23
f 7/19/25 141/23/1485 400/20/26
f 5/22/28 248/24/1486 400/20/29
f 248/24/31 60/362/1487 244/25/32
f 249/21/34 400/20/1488 244/25/35
f 133/27/37 401/31/1489 149/28/38
f 2/30/40 148/486/1490 401/31/41
f 401/31/43 148/486/1491 11/32/44
f 149/28/46 401/31/1492 145/33/47
f 168/35/49 402/39/49 173/36/49
f 1/38/49 139/40/49 402/39/49
f 139/40/49 3/299/49 170/41/49
f 402/39/49 170/41/49 23/42/49
f 24/43/50 171/47/1493 403/44/51
f 5/46/53 142/4/1494 403/44/54
f 142/4/56 1/1/1495 168/48/57
f 172/45/59 403/44/1496 168/48/60
f 146/50/62 404/54/1497 157/51/63
f 10/53/65 156/55/68 404/54/66
f 156/55/68 14/116/170 154/56/69
f 404/54/70 154/56/1498 16/57/71
f 4/58/73 140/61/1499 405/59/74
f 140/61/76 8/140/1500 150/62/77
f 150/62/79 10/53/1501 146/50/80
f 405/59/82 146/50/1502 12/52/83
f 8/63/85 132/66/1503 406/64/86
f 132/66/88 6/136/1504 149/67/89
f 406/64/91 149/67/1505 9/68/92
f 150/65/94 406/64/1506 144/69/95
f 143/71/49 407/75/49 148/72/49
f 143/71/49 4/130/49 151/74/49
f 407/75/49 151/74/49 12/76/49
f 407/75/49 147/77/49 11/78/49
f 155/79/97 408/83/1507 165/80/98
f 16/82/100 164/84/1508 408/83/101
f 164/84/103 20/824/104 163/85/104
f 165/80/106 408/83/1509 163/85/107
f 10/70/109 144/69/1510 409/87/110
f 144/69/112 9/68/1511 158/89/113
f 409/87/115 158/89/1512 13/90/116
f 409/87/118 152/91/1513 14/92/119
f 147/77/121 410/95/1514 159/93/122
f 147/77/124 12/76/1515 157/94/125
f 157/94/127 16/82/1516 155/79/128
f 410/95/130 155/79/1517 15/81/131
f 9/34/133 145/33/1518 411/96/134
f 145/33/136 11/32/1519 159/98/137
f 411/96/139 159/98/1520 15/99/140
f 158/97/135 411/96/134 153/100/142
f 160/102/144 412/106/1521 205/103/145
f 17/105/147 204/107/1522 412/106/148
f 204/107/150 37/230/1523 200/108/151
f 412/106/153 200/108/1524 38/109/154
f 13/101/143 153/100/142 413/110/156
f 153/100/158 15/99/1525 165/112/159
f 165/112/161 19/271/1526 161/113/162
f 166/111/164 413/110/1527 161/113/165
f 154/56/167 414/117/1528 164/115/168
f 14/116/170 167/118/172 414/117/171
f 167/118/172 18/238/1529 162/119/173
f 414/117/174 162/119/1530 20/120/175
f 152/91/176 415/123/177 167/121/177
f 152/91/179 13/90/1531 166/122/180
f 166/122/182 17/105/1532 160/102/183
f 415/123/185 160/102/1533 18/104/186
f 6/29/188 137/125/1534 416/124/189
f 137/125/191 24/43/1535 172/45/192
f 416/124/194 172/45/1536 21/49/195
f 133/27/197 416/124/1537 134/126/198
f 2/73/49 134/128/49 417/127/49
f 21/37/49 173/36/49 417/127/49
f 173/36/49 23/42/49 136/129/49
f 143/71/49 417/127/49 136/129/49
f 169/131/200 418/133/1538 132/66/201
f 22/132/203 174/825/1539 418/133/204
f 418/133/206 174/825/1540 24/134/207
f 132/66/209 418/133/1541 137/135/210
f 136/137/212 419/138/1542 140/61/213
f 23/11/215 175/13/1543 419/138/216
f 175/13/218 22/18/1544 169/139/219
f 419/138/221 169/139/1545 8/140/222
f 28/141/224 179/145/1546 420/142/225
f 25/144/226 188/146/229 420/142/227
f 188/146/229 29/212/1547 187/147/230
f 189/143/225 420/142/225 187/147/231
f 174/149/233 421/153/1548 183/150/234
f 174/149/236 22/826/1549 182/152/237
f 421/153/239 182/152/1550 25/144/240
f 421/153/242 179/145/1551 28/141/243
f 135/17/245 422/156/1552 182/154/246
f 135/17/248 7/16/1553 181/155/249
f 422/156/251 181/155/1554 26/157/252
f 182/154/254 422/156/1555 176/158/255
f 171/47/257 423/162/266 180/160/258
f 171/47/260 24/43/1556 183/161/261
f 183/161/263 28/180/1557 178/163/264
f 423/162/266 178/163/1558 27/164/267
f 185/165/268 424/169/1559 197/166/269
f 185/165/271 31/178/1560 196/168/272
f 424/169/274 196/168/1561 35/170/275
f 424/169/277 193/171/1562 34/172/278
f 177/173/280 425/177/1563 191/174/281
f 177/173/283 27/369/1564 190/176/284
f 425/177/286 190/176/1565 31/178/287
f 425/177/289 185/165/1566 30/167/290
f 178/163/292 426/181/1567 190/179/293
f 28/180/295 189/827/1568 426/181/296
f 426/181/296 189/827/1568 32/182/298
f 190/179/300 426/181/1569 186/183/301
f 25/159/303 176/158/1570 427/185/304
f 176/158/306 26/157/1571 191/187/307
f 191/187/309 30/205/1572 184/188/310
f 427/185/304 184/188/1573 29/189/312
f 33/190/313 192/194/1574 428/191/314
f 34/193/316 193/828/1575 428/191/317
f 428/191/319 193/828/1576 35/195/320
f 428/191/322 194/196/1577 36/197/323
f 31/184/325 186/183/1578 429/198/326
f 186/183/328 32/182/1579 198/200/329
f 429/198/331 198/200/1580 36/201/332
f 196/199/334 429/198/1581 194/202/335
f 184/188/337 430/206/1582 199/204/338
f 30/205/340 197/207/1583 430/206/341
f 197/207/343 34/829/1584 192/208/344
f 430/206/346 192/208/1585 33/209/347
f 32/148/349 187/147/1586 431/210/350
f 29/212/352 199/830/1587 431/210/353
f 431/210/355 199/830/1588 33/213/356
f 431/210/358 195/214/1589 36/215/359
f 40/216/361 202/220/1590 432/217/362
f 38/219/364 216/221/1591 432/217/365
f 216/221/367 44/249/1592 211/222/368
f 217/218/370 432/217/1593 211/222/371
f 19/86/373 163/85/1594 433/224/374
f 163/85/376 20/824/1595 206/226/377
f 433/224/379 206/226/1596 40/227/380
f 207/225/382 433/224/1597 203/228/383
f 37/230/385 204/107/1598 434/231/386
f 204/107/388 17/105/1599 201/233/389
f 434/231/391 201/233/1600 42/234/392
f 434/231/394 213/235/1601 43/236/395
f 162/119/397 435/239/1602 206/237/398
f 18/238/400 205/240/1603 435/239/401
f 205/240/403 38/831/1604 202/241/404
f 206/237/406 435/239/1605 202/241/407
f 43/243/409 210/247/1606 436/244/410
f 45/246/412 212/248/1607 436/244/413
f 212/248/415 46/223/1608 211/222/416
f 209/245/418 436/244/1609 211/222/419
f 208/250/421 437/254/1610 213/251/422
f 208/250/424 41/273/1611 214/253/425
f 214/255/427 45/832/1612 210/256/428
f 213/258/430 437/257/1613 210/256/431
f 200/260/433 438/263/1614 216/221/434
f 37/230/436 215/232/1615 438/261/437
f 215/232/439 43/236/1616 209/262/440
f 438/263/442 209/245/1617 44/249/443
f 207/225/445 439/265/1618 219/264/446
f 39/229/448 218/276/1619 439/265/449
f 439/265/451 218/276/1620 45/266/452
f 439/265/454 214/267/1621 41/268/455
f 17/114/457 161/113/1622 440/269/458
f 19/271/460 219/833/1623 440/269/461
f 440/272/463 219/834/1624 41/273/464
f 440/272/466 208/250/1625 42/252/467
f 39/229/469 203/228/1626 441/275/470
f 203/277/472 40/216/1627 217/218/473
f 441/278/475 217/218/1628 46/223/476
f 218/276/478 441/275/1629 212/279/479
f 221/280/49 442/284/49 233/281/49
f 49/283/49 232/835/49 442/284/49
f 442/284/49 232/835/49 53/285/49
f 442/284/49 229/286/49 51/287/49
f 138/15/481 443/290/1630 227/288/482
f 3/289/484 226/291/1631 443/290/485
f 226/291/487 47/836/1632 220/292/488
f 443/293/490 220/316/1633 48/294/491
f 5/22/493 141/23/1634 444/296/494
f 7/19/496 227/295/1635 444/296/497
f 227/295/499 48/294/1636 222/298/500
f 224/297/502 444/296/1637 222/298/503
f 3/299/49 139/40/49 445/300/49
f 139/40/49 1/38/49 225/302/49
f 445/300/49 225/302/49 49/283/49
f 445/300/49 221/280/49 47/282/49
f 229/286/49 446/305/49 241/303/49
f 229/286/49 53/285/49 240/304/49
f 446/305/49 240/304/49 57/306/49
f 446/305/49 237/307/49 55/308/49
f 50/7/505 222/298/1638 447/309/506
f 48/294/508 234/317/1639 447/309/509
f 234/311/511 52/345/1640 230/312/512
f 235/314/514 447/313/1641 230/312/515
f 220/316/517 448/319/1642 234/317/518
f 47/318/520 233/837/1643 448/319/521
f 233/320/523 51/350/1644 228/321/524
f 448/322/526 228/321/1645 52/323/527
f 49/325/529 223/8/1646 449/326/530
f 223/8/532 50/7/1647 235/310/533
f 449/326/535 235/310/1648 54/328/536
f 232/330/538 449/838/1649 231/331/539
f 57/333/541 239/359/1650 450/334/542
f 239/336/544 58/839/1651 276/337/545
f 450/338/547 276/337/1652 71/339/548
f 277/341/550 450/338/1653 268/340/551
f 54/315/553 230/312/1654 451/343/554
f 52/345/556 242/346/1655 451/343/557
f 242/346/559 56/392/1656 238/347/560
f 243/344/562 451/343/1657 238/347/563
f 228/321/565 452/351/1658 242/349/566
f 51/350/568 241/352/1659 452/351/569
f 241/352/571 55/395/1660 236/353/572
f 452/351/574 236/353/1661 56/354/575
f 53/332/577 231/331/1662 453/355/578
f 231/331/580 54/840/1663 243/357/581
f 453/355/583 243/357/1664 58/358/584
f 240/356/586 453/355/1665 239/359/587
f 59/26/589 244/25/589 454/360/589
f 60/362/589 246/375/589 454/360/589
f 454/360/589 246/375/589 62/363/589
f 454/360/589 245/364/589 61/365/589
f 181/366/590 455/368/1666 250/367/591
f 181/366/593 7/19/1667 249/21/594
f 455/368/596 249/21/1668 59/26/597
f 455/368/599 247/361/1669 61/365/600
f 27/369/602 177/173/1670 456/370/603
f 26/175/605 250/367/1671 456/370/606
f 250/367/608 61/365/1672 245/364/609
f 251/371/611 456/370/1673 245/364/612
f 180/160/614 457/841/1674 248/372/615
f 180/373/617 27/369/1675 251/371/618
f 457/374/620 251/371/1676 62/363/621
f 457/374/623 246/375/1677 60/362/624
f 254/376/626 458/380/1678 265/377/627
f 64/379/629 264/842/1679 458/380/630
f 458/380/632 264/842/1680 68/381/633
f 458/380/635 262/382/1681 70/383/636
f 55/308/49 237/307/49 459/384/49
f 237/307/49 57/306/49 257/386/49
f 459/384/49 257/386/49 65/387/49
f 258/385/49 459/384/49 253/388/49
f 58/348/638 238/347/1682 460/390/639
f 56/392/641 259/393/1683 460/390/642
f 259/393/644 64/379/629 254/376/631
f 256/391/646 460/390/1684 254/376/647
f 236/353/649 461/396/1685 259/394/650
f 55/395/652 258/397/1686 461/396/653
f 258/397/655 63/411/675 252/398/656
f 461/396/658 252/398/673 64/399/659
f 263/400/661 462/404/1687 261/401/662
f 263/400/664 70/415/1688 262/403/665
f 262/405/667 68/414/1689 260/406/668
f 462/407/670 260/406/1690 67/408/671
f 252/398/673 463/412/1691 264/410/674
f 63/411/675 266/413/1692 463/412/676
f 266/413/677 67/408/1693 260/406/678
f 463/412/680 260/406/1694 68/414/681
f 70/415/683 263/400/1695 464/416/684
f 69/402/686 255/418/1696 464/416/687
f 255/418/689 76/843/1697 272/419/690
f 464/416/692 272/419/1698 75/420/693
f 253/388/49 465/423/49 266/421/49
f 253/388/49 65/387/49 267/422/49
f 465/423/49 267/422/49 69/424/49
f 465/423/49 261/425/49 67/426/49
f 72/427/695 268/430/1699 466/428/696
f 268/430/698 71/844/1700 270/431/699
f 466/428/701 270/431/1701 73/432/701
f 271/429/703 466/428/1702 269/433/704
f 74/434/706 269/433/1703 467/435/707
f 269/433/709 73/432/1704 273/437/710
f 467/435/712 273/437/1705 75/438/713
f 274/436/715 467/435/1706 272/439/715
f 65/387/49 257/386/49 468/441/49
f 257/386/49 57/306/49 277/443/49
f 468/441/49 277/443/49 72/444/49
f 278/442/49 468/441/49 271/445/49
f 267/422/49 469/448/49 255/447/49
f 65/387/49 278/442/49 469/448/49
f 278/442/49 74/446/49 274/449/49
f 469/448/49 274/449/49 76/450/49
f 256/391/716 470/452/1707 276/451/717
f 66/378/719 279/453/1708 470/452/720
f 279/453/722 73/460/1709 270/454/723
f 470/452/725 270/454/1710 71/455/725
f 66/378/727 265/377/1711 471/456/728
f 265/377/730 70/383/1712 275/457/731
f 471/456/733 275/457/1713 75/458/734
f 279/453/736 471/456/1714 273/459/737
f 1/1/739 225/3/1715 472/461/740
f 225/3/742 49/10/1716 360/463/743
f 472/464/745 360/731/1717 116/465/746
f 287/462/748 472/461/1718 361/467/749
f 23/11/751 313/471/1719 473/469/752
f 91/470/754 282/582/1720 473/469/755
f 473/469/757 282/582/1721 79/472/758
f 170/14/760 473/469/1722 284/473/761
f 79/474/763 378/477/1723 474/475/764
f 378/477/766 121/758/1724 373/478/767
f 373/478/769 122/764/1725 377/479/770
f 474/475/772 377/479/1726 77/480/773
f 291/481/775 475/485/1727 281/482/776
f 291/481/778 81/529/1728 289/484/779
f 475/485/781 289/484/1729 11/32/782
f 475/485/784 148/486/1730 2/30/785
f 92/487/787 311/490/1731 476/488/788
f 311/490/790 21/49/1732 168/48/791
f 168/48/793 1/1/1733 287/462/794
f 476/488/796 287/462/1734 77/468/797
f 298/491/799 477/494/1735 290/492/800
f 86/493/802 295/495/1736 477/494/803
f 295/495/805 84/553/912 297/496/806
f 477/494/807 297/496/806 82/497/808
f 4/58/810 151/60/1737 478/498/811
f 12/52/813 290/492/1738 478/498/814
f 290/492/816 82/497/1739 292/500/817
f 285/499/819 478/498/1740 292/500/820
f 80/502/822 292/505/1741 479/503/823
f 292/505/825 82/517/1742 288/506/826
f 479/503/828 288/506/1743 81/507/829
f 280/504/831 479/503/1744 291/508/832
f 306/510/834 480/514/1745 296/511/835
f 306/510/837 89/652/1746 304/513/838
f 304/513/840 90/658/840 305/515/841
f 480/514/843 305/515/1747 86/516/844
f 82/517/846 297/520/1748 481/518/847
f 84/519/849 293/555/1749 481/518/850
f 481/518/852 293/555/1750 83/521/853
f 288/506/855 481/518/1751 299/522/856
f 300/523/858 482/526/1752 147/524/859
f 85/512/861 296/511/1753 482/526/862
f 296/511/864 86/516/1754 298/527/865
f 147/524/867 482/526/1755 298/527/868
f 81/529/870 299/531/873 483/530/871
f 299/531/873 83/543/893 294/532/874
f 483/530/875 294/532/1756 85/533/876
f 289/484/878 483/530/1757 300/534/879
f 343/535/881 484/539/1758 301/536/882
f 106/538/884 338/540/1759 484/539/885
f 338/540/887 105/659/1760 342/541/888
f 484/539/890 342/541/1761 87/542/891
f 83/543/893 307/545/1762 485/544/894
f 307/545/895 87/845/1763 302/546/896
f 302/546/898 89/704/1764 306/547/899
f 294/532/901 485/544/1765 306/547/902
f 305/548/904 486/550/1766 295/495/905
f 90/549/907 303/551/1767 486/550/908
f 303/551/909 88/669/1768 308/552/910
f 486/550/911 308/552/910 84/553/912
f 308/554/913 487/556/913 293/555/914
f 88/537/916 301/536/1769 487/556/917
f 301/536/919 87/542/1770 307/557/920
f 293/555/922 487/556/1771 307/557/923
f 78/483/925 281/482/1772 488/558/926
f 281/482/928 2/30/1773 134/126/929
f 488/558/931 134/126/1774 21/49/932
f 283/559/934 488/558/1775 311/490/935
f 280/504/937 489/562/1776 309/560/938
f 280/504/940 78/509/1777 283/561/941
f 489/562/943 283/561/1778 92/563/944
f 489/562/946 312/564/1779 91/565/947
f 285/499/949 490/566/1780 136/137/950
f 80/501/952 309/567/1781 490/566/953
f 309/567/955 91/470/1782 313/471/956
f 490/566/958 313/471/1783 23/11/959
f 96/568/961 327/571/962 491/569/962
f 327/571/962 100/638/1784 325/572/963
f 325/572/964 97/644/1785 326/573/965
f 491/569/966 326/573/965 93/574/967
f 321/575/969 492/578/1786 312/576/970
f 96/568/972 317/570/1787 492/578/973
f 492/578/975 317/570/1788 93/574/976
f 312/576/978 492/578/1789 320/579/979
f 320/581/981 493/584/1790 282/582/982
f 320/581/984 93/612/1791 314/583/985
f 493/584/987 314/583/1792 94/585/988
f 282/582/990 493/584/1793 319/586/991
f 318/587/993 494/589/997 310/489/994
f 95/588/996 316/590/1794 494/589/997
f 316/590/998 96/611/1795 321/591/999
f 310/489/1001 494/589/1796 321/591/1002
f 335/592/1004 495/596/1797 323/593/1005
f 102/595/1007 331/846/1798 495/596/1008
f 495/596/1010 331/846/1799 103/597/1011
f 323/593/1013 495/596/1800 334/598/1014
f 329/600/1016 496/603/1801 315/601/1017
f 98/594/1019 323/593/1802 496/603/1020
f 496/603/1022 323/593/1803 99/599/1023
f 315/601/1025 496/603/1804 328/604/1026
f 328/606/1028 497/608/1805 316/590/1029
f 328/606/1031 99/626/1806 324/607/1032
f 497/608/1034 324/607/1807 100/609/1035
f 497/608/1034 327/610/1036 96/611/1037
f 93/612/1039 326/615/1043 498/613/1040
f 97/614/1042 322/616/1808 498/613/1040
f 322/616/1044 98/637/1809 329/617/1045
f 314/583/1047 498/613/1810 329/617/1048
f 101/618/1050 333/622/1811 499/619/1051
f 104/621/1053 332/847/1812 499/619/1054
f 499/619/1056 332/847/1813 103/623/1057
f 499/619/1059 331/624/1814 102/625/1060
f 99/626/1062 334/628/1815 500/627/1063
f 334/628/1065 103/848/1816 332/629/1066
f 500/627/1068 332/629/1817 104/630/1069
f 324/607/1071 500/627/1818 336/631/1072
f 337/632/1074 501/634/1819 322/616/1075
f 101/633/1077 330/635/1820 501/634/1078
f 330/635/1080 102/849/1821 335/636/1081
f 501/634/1083 335/636/1822 98/637/1084
f 100/638/1086 336/641/1823 502/639/1087
f 104/640/1089 333/850/1824 502/639/1090
f 502/639/1092 333/850/1825 101/642/1093
f 502/639/1095 337/643/1826 97/644/1096
f 108/645/1098 355/648/1827 503/646/1099
f 355/648/1101 114/708/1828 349/649/1102
f 349/649/1104 112/688/1829 354/650/1105
f 503/646/1107 354/650/1830 106/651/1108
f 89/652/1110 345/654/1831 504/653/1111
f 345/654/1113 107/697/1832 341/655/1114
f 504/653/1116 341/655/1833 108/656/1117
f 304/513/1119 504/653/1834 344/657/1120
f 105/659/1122 353/662/1835 505/660/1123
f 111/661/1125 351/679/1836 505/660/1126
f 505/660/1128 351/679/1837 110/663/1129
f 342/541/1131 505/660/1838 339/664/1132
f 344/665/1134 506/667/1839 303/551/1135
f 344/665/1137 108/851/1840 340/666/1138
f 340/666/1140 106/852/1841 343/668/1141
f 506/667/1143 343/668/1842 88/669/1144
f 111/670/1146 347/673/1843 507/671/1147
f 347/673/1149 112/688/1844 349/649/1150
f 349/649/1152 114/708/1845 350/674/1153
f 507/671/1155 350/674/1846 113/675/1156
f 351/676/1158 508/853/1847 346/677/1159
f 351/679/1161 111/661/1848 348/680/1162
f 348/682/1164 113/854/1849 352/683/1165
f 346/677/1167 508/853/1850 352/685/1168
f 354/650/1170 509/689/1851 338/687/1171
f 112/688/1173 347/673/1852 509/689/1174
f 347/690/1176 111/661/1853 353/662/1177
f 509/691/1179 353/662/1854 105/659/1180
f 357/692/1182 510/694/1855 345/654/1183
f 109/693/1185 352/855/1856 510/694/1186
f 510/694/1188 352/855/1857 113/695/1189
f 510/694/1191 356/696/1858 107/697/1192
f 87/542/1194 339/664/1859 511/698/1195
f 110/678/1197 346/677/1860 511/700/1198
f 511/700/1200 346/677/1861 109/686/1201
f 511/703/1203 357/856/1862 89/704/1204
f 107/697/1206 356/696/1863 512/705/1207
f 356/696/1209 113/695/1864 350/706/1210
f 512/707/1212 350/674/1865 114/708/1213
f 341/709/1215 512/707/1866 355/648/1216
f 362/710/1218 513/715/1867 284/473/1219
f 115/711/1221 358/724/1868 513/712/1222
f 358/714/1224 47/836/1869 226/291/1225
f 513/715/1227 226/291/1870 3/289/1228
f 77/480/1230 361/466/1871 514/716/1231
f 361/466/1233 116/465/1872 359/717/1234
f 359/717/1236 115/711/1873 362/713/1237
f 514/716/1239 362/713/1874 79/474/1240
f 116/465/1242 367/736/1875 515/718/1243
f 367/719/1245 118/735/1876 364/720/1246
f 364/720/1248 117/749/1877 366/722/1249
f 515/718/1251 366/723/1878 115/711/1252
f 366/723/1254 516/729/1879 358/724/1255
f 117/725/1257 363/728/1880 516/726/1258
f 363/728/1260 51/350/1881 233/320/1261
f 516/729/1263 233/837/1882 47/318/1264
f 49/325/1266 232/327/1883 517/730/1267
f 232/330/1269 53/332/1884 365/732/1270
f 517/734/1272 365/857/1885 118/735/1273
f 360/731/1275 517/730/1886 367/736/1276
f 57/333/1278 277/335/1887 518/737/1279
f 277/341/1281 72/342/1888 390/739/1282
f 518/740/1284 390/739/1889 129/741/1285
f 370/743/1287 518/740/1890 396/742/1288
f 118/735/1290 372/746/1891 519/745/1291
f 372/746/1293 120/783/1892 369/747/1294
f 369/747/1296 119/787/1893 371/748/1297
f 519/745/1299 371/748/1894 117/749/1300
f 371/750/1302 520/752/1895 363/728/1303
f 119/751/1305 368/753/1896 520/752/1306
f 368/753/1308 55/395/1897 241/352/1309
f 520/752/1311 241/352/1898 51/350/1312
f 53/332/1314 240/356/1899 521/754/1315
f 240/356/1317 57/333/1900 370/738/1318
f 521/754/1320 370/738/1901 120/755/1321
f 365/732/1323 521/754/1902 372/756/1324
f 121/758/1326 376/761/1326 522/759/1326
f 123/760/1326 374/771/1326 522/759/1326
f 522/759/1326 374/771/1326 124/762/1326
f 522/759/1326 375/763/1326 122/764/1326
f 379/765/1327 523/858/1903 319/586/1328
f 123/760/1330 376/761/1904 523/766/1331
f 523/766/1333 376/761/1905 121/758/1334
f 319/586/1336 523/858/1906 378/768/1337
f 95/605/1339 380/770/1907 524/769/1340
f 380/770/1342 124/762/1908 374/771/1343
f 374/771/1345 123/760/1909 379/767/1346
f 524/769/1348 379/767/1910 94/602/1349
f 377/772/1351 525/859/1911 318/587/1352
f 122/764/1354 375/763/1912 525/773/1355
f 525/773/1357 375/763/1913 124/762/1358
f 318/774/1360 525/773/1914 380/770/1361
f 389/775/1363 526/779/1915 382/776/1364
f 128/778/1366 386/860/1916 526/779/1367
f 526/779/1369 386/860/1917 127/780/1370
f 526/779/1372 388/781/1918 125/782/1373
f 120/783/1375 383/785/1919 527/784/1376
f 383/785/1378 126/777/1920 382/776/1379
f 382/776/1374 125/782/1373 384/786/1381
f 527/784/1383 384/786/1921 119/787/1384
f 384/788/1386 528/790/1922 368/753/1387
f 125/789/1389 381/791/1411 528/790/1390
f 381/791/1392 63/411/1419 258/397/1393
f 528/790/1395 258/397/1923 55/395/1396
f 261/401/1398 529/861/1924 387/792/1399
f 67/408/1401 385/794/1925 529/793/1402
f 385/794/1404 127/799/1926 386/795/1405
f 387/792/1407 529/861/1927 386/796/1408
f 388/798/1410 530/800/1928 381/791/1411
f 127/799/1412 385/794/1929 530/800/1413
f 385/794/1415 67/408/1930 266/413/1416
f 530/800/1418 266/413/1931 63/411/1419
f 128/797/1420 395/803/1932 531/801/1421
f 131/802/1423 393/804/1933 531/801/1424
f 393/804/1426 76/843/1934 255/418/1427
f 531/801/1429 255/418/1935 69/402/1430
f 72/427/1432 271/429/1936 532/805/1433
f 271/429/1435 74/434/1937 391/807/1436
f 532/805/1438 391/807/1938 130/808/1438
f 390/806/1440 532/805/1939 392/809/1441
f 74/434/1443 274/436/1940 533/811/1444
f 274/436/1446 76/440/1446 393/812/1446
f 533/811/1448 393/812/1941 131/813/1449
f 391/807/1451 533/811/1942 394/814/1452
f 396/815/1454 534/817/1943 383/785/1455
f 129/816/1457 392/818/1944 534/817/1457
f 392/818/1459 130/862/1945 397/819/1460
f 534/817/1462 397/819/1946 126/777/1463
f 126/777/1465 397/819/1947 535/820/1466
f 397/819/1468 130/862/1948 394/821/1469
f 535/820/1471 394/821/1949 131/822/1472
f 389/775/1474 535/820/1950 395/823/1475
